timestamp,temp_mean,temp_min,temp_max,ph_mean,ph_min,ph_max,rpm_mean,rpm_min,rpm_max,heater_pwm,motor_pwm,acid_pwm,base_pwm,acid_dose_l,base_dose_l,setpoint_temp,setpoint_ph,setpoint_rpm,faults_active,has_fault,temp_dev,ph_dev,rpm_dev,temp_range,ph_range,rpm_range,dist_sq_fixed,dist_sq_var,dist_sq_min,temp_dev_rolling_mean,temp_dev_rolling_std,ph_dev_rolling_mean,ph_dev_rolling_std,rpm_dev_rolling_mean,rpm_dev_rolling_std,dist_sq_rolling_mean,dist_sq_rolling_std,dist_sq_rolling_max,temp_dev_diff,ph_dev_diff,rpm_dev_diff,dist_sq_min_diff,heater_pwm_diff,acid_pwm_diff,base_pwm_diff,heater_temp_corr,acid_ph_corr,base_ph_corr,heater_eff_ratio,acid_eff_ratio,base_eff_ratio,heater_residual,acid_residual,base_residual,pred_anomaly,smoothed_prob_fault,fault_guess,dist_sq_diff
2025-12-03 09:24:43.360,29.191424689467663,29.123055942713847,29.237023067701728,1.632507664556712,1.6274366238567897,1.640726656186505,999.5175006168402,990.9359145073436,1014.0746411889745,0.9909383590187815,0.84846884656068,-6.015492730555839,-13.815510557964274,-10.243307658475514,-10.245754777990182,30.0,5.0,1000.0,"{'name': 'therm_voltage_bias', 'id': None}",1,-0.808575310532337,-0.7237401245458404,-0.48249938315984764,0.1139671249878802,0.06810858737836334,23.138726681630942,25866.58462327309,141.73404003400472,141.73404003400472,-0.808575310532337,0.0,-0.7237401245458404,0.0,-0.48249938315984764,0.0,141.73404003400472,0.0,141.73404003400472,0.0,0.0,0.0,0.0,0.0,0.0,0.0,0.0,0.0,0.0,0.0,0.0,0.0,0.0,0.0,0.0,0,0.4143667037727327,therm_voltage_bias,
2025-12-03 09:24:44.412,29.253620649326674,29.168626336837633,29.30546947953519,1.6318055619886724,1.622070758380417,1.640726656186505,1004.2337646510576,982.2942042612235,1036.099354809703,0.9845104776338391,0.8485473761941491,-5.783401314956631,-13.815510557964274,-10.348145177651016,-11.042889643046939,30.0,5.0,1000.0,"{'name': 'therm_voltage_bias', 'id': None}",1,-0.7463793506733261,-0.7311731665738594,4.2337646510576405,0.1368431426975576,0.09535202232970796,53.80515054847956,25248.22614044342,156.94977890276618,156.94977890276618,-0.808575310532337,0.0,-0.7237401245458404,0.0,-0.48249938315984764,0.0,141.73404003400472,0.0,141.73404003400472,0.06219595985901094,-0.007433042028019088,4.716264034217488,,0.006427881384942324,0.23209141559920798,0.0,,,,15.828916395038329,-777.9618803820114,-1858.4116831588083,-52.2194054444409,0.919934148437453,-5.930855023711214,0,0.5515559660053038,ph_offset_bias,15.215738868761463
2025-12-03 09:24:45.538,29.25569127339797,29.191419748795795,29.328296051435757,1.6254887297841005,1.6112518696565825,1.6354318193339759,990.8525367739747,960.4722075988044,1014.9189292856565,0.988185292193075,0.853441426278513,-5.975753338560007,-13.815510557964274,-10.201519611021858,-11.060298941743529,30.0,5.0,1000.0,"{'name': 'therm_voltage_bias', 'id': None}",1,-0.7443087266020285,-0.8004046602914021,-9.147463226025252,0.13687630263996198,0.12259545728105259,54.44672168685213,25611.98038743296,152.30371740601888,152.30371740601888,-0.7774773306028315,0.04397918497871294,-0.7274566455598499,0.005255954422856905,1.8756326339488965,3.3349022804614092,149.34190946838544,10.759152134864957,156.94977890276618,0.0020706240712975443,-0.06923149371754267,-13.381227877082893,,0.003674814559235906,0.19235202360337578,0.0,-0.9043269480039159,-0.9871047500829442,,477.0099488051099,-86.31428708808482,-199.55240402475337,-52.068131009264945,1.362290766010215,-5.184292506048733,1,0.7412166782965233,"therm_voltage_bias, ph_offset_bias, heater_power_loss",-4.646061496747308
2025-12-03 09:24:46.563,29.294062304971686,29.259833000769277,29.328296051435757,1.613967584893586,1.608528759222523,1.6247572901783252,998.6261888256558,983.6665376756125,1020.9467775840917,0.990229023208528,0.8498115325643681,-8.914458895699019,-13.815510557964274,-9.885483858763447,-10.002871471751355,30.0,5.0,1000.0,"{'name': 'therm_voltage_bias', 'id': None}",1,-0.7059376950283145,-0.9391876480912258,-1.373811174344155,0.06846305066648029,0.08173030485404009,37.28023990847919,25814.412811775346,159.37436234571595,159.37436234571595,-0.7664211292692306,0.036521269412265606,-0.7517726504703672,0.04228021774864096,-1.798732652709153,6.787021982394519,150.32917878092994,7.797677822086567,156.94977890276618,0.03837103157371402,-0.13878298779982368,7.773652051681097,,0.0020437310154529653,2.938705557139012,0.0,-0.926410479868567,-0.36348158561677674,,25.80600980967774,-64.23261816454553,-99.54686255226503,-49.330897544169254,-0.3040637717477104,-3.6877167250425273,1,0.8390394322942716,heater_power_loss,7.070644939697075
2025-12-03 09:24:47.587,29.324153859174167,29.237023067701728,29.373965925880782,1.610262505440076,1.6030601908878999,1.616675944991297,1000.1267022280555,976.0887849642938,1023.2185802532096,0.9877318007242302,0.8508927157577701,-13.815510557964274,-13.815510557964274,-10.633762123488655,-11.982382275536146,30.0,5.0,1000.0,"{'name': 'therm_voltage_bias', 'id': None}",1,-0.6758461408258327,-0.9878666984659069,0.12670222805547837,0.13694285817905438,0.06810858737836423,47.129795288915716,25620.243330418394,188.40861177944672,188.40861177944672,-0.7513002707090015,0.042470737385278914,-0.7986263998755818,0.09986410704162729,-1.6925022831179035,5.545651554028458,152.59047467212645,7.809589577876417,159.37436234571595,0.030091554202481774,-0.04867905037468112,1.5005134023996334,,0.002497222484297845,4.901051662265255,0.0,-0.571629821293935,-0.061275316690841464,,32.82312940530554,-283.80230611161875,-283.80230611161875,-47.18838831878075,-4.758829903281601,-3.1627828769673716,1,0.9027006090097511,heater_power_loss,29.034249433730764
2025-12-03 09:24:48.712,29.346989603457565,29.30546947953519,29.442512761402497,1.6045545868803865,1.5948008539023228,1.6112518696565825,1000.8560456507217,982.0369281351889,1017.2248338538994,0.9786854645615608,0.8502284622707825,-13.815510557964274,-8.478216514169896,-10.296195010952973,-10.309618572547203,30.0,5.0,1000.0,"{'name': 'therm_voltage_bias', 'id': None}",1,-0.6530103965424345,-1.0674379493044834,0.8560456507217395,0.13704328186730663,0.0817303048540392,35.18790571871057,24725.405977556067,162.9769208305977,162.9769208305977,-0.7362094447323677,0.04991480535695013,-0.8364744595936469,0.12100416533544317,-1.328661380883227,4.871097348618523,159.7541020935905,17.387640903783232,188.40861177944672,0.022835744283398185,-0.07957125083857652,0.7293434226662612,,0.009046336162669366,0.0,5.337294043794378,0.05412176556340683,-0.02356479203871555,0.3957005530523804,42.85573514404344,-173.62221644315397,-106.54740094469801,-45.56964174001902,-4.02932721910593,3.032573158121986,1,0.9224809992569396,heater_power_loss,-25.431690948849024
2025-12-03 09:24:49.737,29.38768483465148,29.30546947953519,29.488238821392088,1.6033343307205528,1.5892564859891678,1.6112518696565825,1004.3675925772847,985.8860125603062,1028.57771234088,0.9814674000200926,0.84881075206962,-13.815510557964274,-8.19605211893935,-10.358061425903893,-10.535205568487646,30.0,5.0,1000.0,"{'name': 'therm_voltage_bias', 'id': None}",1,-0.6123151653485195,-1.0852403131845474,4.367592577284654,0.18276934185689697,0.10897373980538383,42.6916997805738,25047.596738827957,174.21347511272057,174.21347511272057,-0.7050964619343872,0.041264772412686924,-0.9052140245453757,0.13745680816722125,-1.0609523741069098,4.965102507624611,164.0026782529091,14.183900661209998,188.40861177944672,0.04069523119391505,-0.017802363880063954,3.5115469265629145,,0.0027819354585317813,0.0,0.28216439523054504,-0.0543417260857488,0.09816906229693648,0.13698359999170345,24.116911350917498,-776.0056274216108,-460.3653654530544,-42.66599490668085,-3.8661166110243155,3.5067105541499473,1,0.9502092480005091,heater_power_loss,11.236554282122881
2025-12-03 09:24:50.761,29.40824047262921,29.351128195839067,29.488238821392088,1.5989390494518048,1.586472731755196,1.616675944991297,1008.8893630080245,984.4273636748187,1043.714482335739,0.9819376526692964,0.8455201836110536,-13.815510557964274,-6.855061363321333,-9.524274728100592,-10.504802901947105,30.0,5.0,1000.0,"{'name': 'therm_voltage_bias', 'id': None}",1,-0.5917595273707903,-1.1519312793865988,8.889363008024475,0.13711062555302078,0.14983889223240432,59.287118660920214,25135.427762911895,193.71175779559698,193.71175779559698,-0.678283624869426,0.05030053852903996,-0.976027453867513,0.11469964248201382,-1.034186788861507,5.001011437070121,167.45541749489993,14.138971795815502,188.40861177944672,0.02055563797772919,-0.0666909662020514,4.521770430739821,,0.00047025264920386167,0.0,1.3409907556180176,-0.1675488353496662,0.006286461127094074,0.26586612969878193,47.76742450458658,-207.15404485314633,-102.78691353247997,-41.20026381354201,-3.2546993171908607,5.566867876306031,1,0.9295383912944548,heater_power_loss,19.498282682876408
2025-12-03 09:24:51.784,29.41738903996069,29.30546947953519,29.511110341896824,1.590090103388516,1.5836812065962131,1.5975615527997957,1004.1931063172412,985.8726553020633,1022.5159045262075,0.9868919772440172,0.8479349935784402,-13.815510557964274,-6.177706303483401,-10.602713861288244,-10.20655338473709,30.0,5.0,1000.0,"{'name': 'therm_voltage_bias', 'id': None}",1,-0.582610960039311,-1.3003502719299684,4.193106317241245,0.20564086236163348,0.06810858737836423,36.64324922414414,25637.73075832566,192.9369118182591,192.9369118182591,-0.6477737850231783,0.046350378793436585,-1.0463327776865525,0.08367889423904766,2.5731784579484382,4.11177052742499,175.7370255728156,15.137191965429768,193.71175779559698,0.009148567331479285,-0.14841899254336965,-4.69625669078323,,0.004954324574720781,0.0,0.6773550598379323,-0.31493688093317784,0.05340072035184291,0.1781526069909473,107.86214708192747,-93.0838920095435,-41.62314117943524,-40.54317514646121,-1.8940061987342336,7.844709229191114,1,0.894027907051983,heater_power_loss,-0.7748459773378897
2025-12-03 09:24:52.810,29.473695539725927,29.419658195491934,29.55687043009715,1.5854585330929587,1.5808818670052434,1.592032512442769,998.0457070255424,979.4122421135285,1034.6470956305213,0.9816267505330571,0.8485692713706531,-13.815510557964274,-5.755252425439499,-9.699123035127991,-9.789813702554989,30.0,5.0,1000.0,"{'name': 'therm_voltage_bias', 'id': None}",1,-0.5263044602740727,-1.3871957072673307,-1.954292974457644,0.13721223460521514,0.05448686990269547,55.23485351699287,25236.871052238166,196.9557536344153,196.9557536344153,-0.6231084380253776,0.04004587081511396,-1.118565302454301,0.1172238774507634,3.6865619562655185,3.4811618937169158,182.4495354673242,13.410338511260848,193.71175779559698,0.05630649976523827,-0.08684543533736222,-6.147399291698889,,0.00526522671096008,0.0,0.42245387804390155,-0.16064511602394202,0.19775080383001797,-0.10411367607402756,17.433321575735626,-159.07976538469046,-66.26929940282224,-36.53476250725379,-1.0978143892635668,9.20366676144588,1,0.93838080438847,heater_power_loss,4.018841816156197
2025-12-03 09:24:53.935,29.48824222024149,29.442512761402497,29.533987540382384,1.586472731755197,1.5780746691089178,1.5948008539023228,997.4610043575389,974.4528994324302,1018.0941275714249,0.9890231908744014,0.8518207080373145,-13.815510557964274,-5.574597528001129,-10.376139044917185,-10.326001397818699,30.0,5.0,1000.0,"{'name': 'therm_voltage_bias', 'id': None}",1,-0.5117577797585113,-1.3675585112752304,-2.5389956424611455,0.09147477897988665,0.08173030485403299,43.641228138994734,26014.507613683127,193.47118718318976,193.47118718318976,-0.5932001019150256,0.046184112649049175,-1.1984311042145859,0.13977945810257494,3.270362915762894,4.0851709688647855,184.1589638383179,14.829512501985489,196.9557536344153,0.014546680515561405,0.01963719599210023,-0.5847026680035015,,0.007396440341344235,0.0,0.18065489743837038,-0.467044304434135,0.2289168509965205,-0.15266019877276202,67.98494026703847,-703.5020204259993,-283.86505207726805,-35.49043978217932,-1.277846587261589,9.172562621306543,1,0.9029944955518092,heater_power_loss,-3.4845664512255325
2025-12-03 09:24:54.894,29.531708917240955,29.442512761402497,29.60265333627956,1.5917552563253246,1.5836812065962131,1.6003146512166888,1001.0898691189757,968.1990662831768,1021.7102382233425,0.9795765317311135,0.84819086920542,-13.815510557964274,-5.70764246906141,-9.53980396573614,-9.383021161195762,30.0,5.0,1000.0,"{'name': 'therm_voltage_bias', 'id': None}",1,-0.46829108275904474,-1.2707916835087723,1.0898691189756846,0.16014057487706168,0.0817303048540321,53.511171940165696,25190.306000547625,179.71434653596884,179.71434653596884,-0.564949578558241,0.04358041185523342,-1.2584552166087353,0.13377554940274544,2.591354657126317,4.8054382033450995,190.25781710883632,9.106539762081374,196.9557536344153,0.04346669699946659,0.09676682776645817,3.62886476143683,,0.009446659143287905,0.0,0.1330449410602812,-0.2249654326625005,0.11533858402402639,0.008754210033515848,22.535735715263087,-142.76966711815587,-58.982852057363246,-32.401464049969384,-2.1649969066401678,7.996026016491607,1,0.9462696085854823,heater_power_loss,-13.756840647220912
2025-12-03 09:24:55.943,29.545443815629852,29.465372965634003,29.648459166718396,1.5964581876472346,1.586472731755196,1.6057982132055082,996.055682297921,965.8791573297814,1012.8704456217429,0.981346665905335,0.8502425864560156,-11.063551472533556,-6.934832667239724,-9.829775914658809,-10.121132146814316,30.0,5.0,1000.0,"{'name': 'therm_voltage_bias', 'id': None}",1,-0.4545561843701478,-1.191496624178625,-3.944317702079047,0.183086201084393,0.09535202232971596,46.991288291961496,25404.78041300352,171.12823422829186,171.12823422829186,-0.536144762040346,0.05135121204731915,-1.2955654906735803,0.09333610490253899,1.9358099654645229,4.725454707303616,191.35799139348597,6.697167500202104,196.9557536344153,0.013734898388896966,0.07929505933014735,-5.034186821054732,,0.0017701341742215604,2.751959085430718,1.227190198178314,-0.34363589190836,0.012806007074648743,0.1734481953880086,71.44393749291125,-139.5220842749664,-87.45494701529498,-31.420633631742703,-0.14000840434835027,5.913752156920181,1,0.9195346774024412,heater_power_loss,-8.586112307676984
2025-12-03 09:24:57.006,29.57353069928828,29.488238821392088,29.648459166718396,1.5854585330929587,1.5667664039459728,1.5948008539023228,1003.5518254817439,989.0898965794271,1018.1082611686287,0.9761722089864656,0.8485785948093906,-13.815510557964274,-5.92277106253187,-9.943402872449349,-9.963057274978453,30.0,5.0,1000.0,"{'name': 'therm_voltage_bias', 'id': None}",1,-0.4264693007117195,-1.3871957072673307,3.55182548174389,0.1602203453263087,0.13621717475672845,29.01836458920161,24965.15261919818,188.96325911830033,188.96325911830033,-0.5087040934402175,0.050858947915509746,-1.3034785596319856,0.07863360117233645,-0.6309261765561814,3.263549376072453,186.84128668002495,10.967086685249015,196.9557536344153,0.028086883658428263,-0.19569908308870576,7.496143183822937,,0.005174456918869419,2.751959085430718,1.0120616047078537,-0.15809898928627125,-0.005631307714973103,0.24158657937902112,34.75421006643012,-70.59532290388482,-30.26453013741048,-29.423699917624898,-1.0978143892635668,9.03614812435351,1,0.9336807086263301,"ph_offset_bias, heater_power_loss",17.83502489000847
2025-12-03 09:24:58.048,29.62139862006476,29.55687043009715,29.7172111284018,1.5859657609989382,1.5724365210499005,1.592032512442769,1006.2521276152231,981.4620092405775,1021.4197870918076,0.9850278997555537,0.8457992433795224,-13.815510557964274,-5.671593886797936,-10.070108120088731,-11.208817370701059,30.0,5.0,1000.0,"{'name': 'therm_voltage_bias', 'id': None}",1,-0.37860137993524035,-1.3773289076124482,6.252127615223117,0.16034069830465114,0.09535202232971507,39.95777785123016,26046.042456870535,199.43365787954474,199.43365787954474,-0.47747576157469923,0.04114250533626457,-1.3208476466994579,0.08692427973498645,-0.7591823436556524,3.0308782486292207,186.04655614003323,10.551020086868562,196.9557536344153,0.04786792077647917,0.009866799654882463,2.7003021334792265,,0.008855690769088098,0.0,0.2511771757339343,-0.3555855509363985,0.08552030787499977,0.08387574359822934,20.577608263931367,-1400.0598959392669,-574.7577053808245,-26.002690835877296,-1.188272397106907,9.180925995434658,1,0.909105365352679,heater_power_loss,10.470398761244411
2025-12-03 09:24:59.097,29.644306515716313,29.55687043009715,29.74014002661994,1.5770519129026361,1.5696054812710505,1.5892564859891678,1003.2038178606822,976.4873579247401,1019.0599943907351,0.975786156436838,0.8468702786300529,-13.815510557964274,-5.2797657242718845,-9.65837078311203,-9.982956363738634,30.0,5.0,1000.0,"{'name': 'therm_voltage_bias', 'id': None}",1,-0.3556934842836874,-1.5658535963575138,3.203817860682193,0.1832695965227913,0.09535202232970796,42.57263646599506,25197.868376742295,207.45166614906546,207.45166614906546,-0.44793514550693275,0.04949617288481373,-1.3188742867684813,0.08513506706390433,0.8821017742804997,4.213252958603492,186.5421369890591,11.228000719373526,199.43365787954474,0.022907895651552934,-0.18852468874506556,-3.0483097545409237,,0.009241743318715745,0.0,0.39182816252605157,-0.1232758243126317,0.05573639027115208,0.12191463479222156,42.59420319855933,-73.28184636230843,-28.005550646264783,-24.378996521817967,0.5401064460497658,11.605722951690316,1,0.9266037893496898,heater_power_loss,8.01800826952072
2025-12-03 09:25:00.183,29.665127875990628,29.60265333627956,29.7172111284018,1.5737207125614245,1.5667664039459728,1.5780746691089178,1002.7536151023431,982.5358811517623,1031.6398053839835,0.9873704014217957,0.8445181093990389,-13.815510557964274,-5.001381505901981,-11.141457350483757,-10.026802388713797,30.0,5.0,1000.0,"{'name': 'therm_voltage_bias', 'id': None}",1,-0.3348721240093724,-1.6460437077394399,2.753615102343133,0.11455779212224115,0.05448686990269547,49.103924232221175,26476.829255500776,236.6516853606612,236.6516853606612,-0.41672228641196796,0.0483825047898929,-1.358533303784938,0.1412058391777723,2.0306644749091673,3.811052303411988,189.33823278223423,14.614871837398413,207.45166614906546,0.020821360274315026,-0.08019011138192611,-0.45020275833906,,0.011584244984957692,0.0,0.27838421836990346,-0.31073368145420843,0.11315621203928213,0.013257074753239124,47.41875505053791,-172.28231807594184,-62.36827772696537,-22.88321004050569,1.2752827927950996,12.748842686083844,1,0.8853338421317989,heater_power_loss,29.20001921159573
2025-12-03 09:25:01.272,29.698461654819187,29.648459166718396,29.763074735952443,1.5890037373979333,1.5752595686633382,1.6003146512166888,1000.7825236719174,983.8970054984153,1012.0253718020647,0.9808330181843044,0.846289974496793,-13.815510557964274,-5.52516891092814,-10.23312255564713,-9.856716779880214,30.0,5.0,1000.0,"{'name': 'therm_voltage_bias', 'id': None}",1,-0.3015383451808127,-1.3200891185404207,0.7825236719173745,0.11461556923404714,0.1225954572810517,28.128366303649386,25938.28284020228,182.90944988000814,182.90944988000814,-0.3900384946620335,0.0496070854234848,-1.4335837086310714,0.1778743799617773,2.363413671582657,3.78088713815601,200.72570054717272,24.248450534089596,236.6516853606612,0.0333337788285597,0.3259545891990192,-1.9710914304257585,,0.006537383237491312,0.0,0.5237874050261588,-0.20362616097960362,0.1238346967282748,-0.012338680310894854,29.42371459035966,-42.38464077855992,-16.95068007425585,-20.51362653486835,-1.7130420762263618,8.710101815675532,1,0.9139095794766515,heater_power_loss,-53.74223548065305
2025-12-03 09:25:02.273,29.726389642304703,29.648459166718396,29.763074735952443,1.5900901033885155,1.5808818670052434,1.5975615527997957,994.9816109746553,974.2276152998838,1013.8755077188816,0.9817460934829798,0.8506231540538955,-13.815510557964274,-6.094016760284495,-10.143643819920586,-10.109403869394434,30.0,5.0,1000.0,"{'name': 'therm_voltage_bias', 'id': None}",1,-0.27361035769529707,-1.3003502719299749,-5.018389025344732,0.11461556923404714,0.08173030485404009,39.6478924189978,26178.736393151823,181.55526603572048,181.55526603572048,-0.35943492682416645,0.0469848487486736,-1.4593022075034305,0.13921641407092414,3.3087819463819415,1.9636421797055355,203.081943677516,21.009514392937945,236.6516853606612,0.027927987485515615,0.01973884661044578,-5.800912697262106,,0.0009130752986754587,0.0,0.5688478493563549,-0.2308360747726023,-0.012554706484158998,0.12287928506548411,35.151510379390864,-699.8793268562424,-308.71652047487083,-18.52193183262396,-1.894006198734175,7.928398772390089,1,0.906675961816364,heater_power_loss,-1.354183844287661
2025-12-03 09:25:03.868,29.727641797669854,29.671370711807867,29.786015269792927,1.5859657609989384,1.5808818670052434,1.592032512442769,1004.0362312515583,963.3879708204211,1034.5918925302076,0.9811778871936604,0.8459498238153177,-13.815510557964274,-5.727865034475546,-9.564473315418184,-10.325399918789927,30.0,5.0,1000.0,"{'name': 'therm_voltage_bias', 'id': None}",1,-0.27235820233014607,-1.3773289076124446,4.03623125155832,0.11464455798505924,0.05448686990269547,71.20392170978653,26144.52219375281,204.81575189053956,204.81575189053956,-0.328863138220882,0.04192070532381102,-1.4419331204359593,0.1549861157535816,1.5947390449642171,4.183794728845408,201.600345061,22.464882062995017,236.6516853606612,0.0012521553651509976,-0.07697863568246976,9.054620276903051,,0.0005682062893194173,0.0,0.3661517258089484,-0.22052510375956794,-0.024617331789302033,0.1355654280073751,782.9658751653947,-179.46967968192683,-74.40753627494665,-18.433243056242514,-1.1882723971069407,9.124654847757007,1,0.8266489319178685,heater_power_loss,23.26048585481908
2025-12-03 09:25:04.372,29.75850001753422,29.671370711807867,29.831913864646026,1.5864727317551968,1.5696054812710505,1.6003146512166888,1000.6291402424004,983.6178261478142,1016.110810382053,0.9802050904746942,0.8451145976653913,-13.815510557964274,-5.749650989800981,-10.09305492910653,-9.332276340256675,30.0,5.0,1000.0,"{'name': 'therm_voltage_bias', 'id': None}",1,-0.24149998246577908,-1.3675585112752338,0.6291402424003536,0.16054315283815868,0.14983889223239633,32.49298423423886,26179.40981277335,188.05631940745482,188.05631940745482,-0.3076145026998631,0.037049880813026605,-1.4419331204359587,0.15498611575358198,1.1515597722312578,3.650483868408386,202.67676386319894,22.464052533801812,236.6516853606612,0.030858219864366987,0.009770396337210885,-3.4070910091579663,,0.0009727967189662179,0.0,0.02178595532543426,-0.1566970223393368,-0.013505236811422457,0.11943670929465969,31.76376767730713,-1413.872703674174,-588.4165160618326,-16.234559426658162,-1.2778465872615588,8.99750915950673,1,0.8714364798393796,heater_power_loss,-16.759432483084737
2025-12-03 09:25:05.916,29.798534132270493,29.763074735952443,29.854871952519943,1.5993144012727625,1.5836812065962131,1.616675944991297,995.6322021881998,979.4581237903681,1007.5967590304979,0.9847506623400931,0.8490061005428917,-13.815510557964274,-7.044794905289898,-10.211430444243822,-9.9480316653648,30.0,5.0,1000.0,"{'name': 'therm_voltage_bias', 'id': None}",1,-0.2014658677295067,-1.1460707799606389,-4.3677978118001874,0.09179721656749962,0.1634606097080722,28.138635240129815,26877.324094955275,168.87743374096158,168.87743374096158,-0.28477580233628147,0.035150692799701594,-1.4022741034195028,0.13999454836453368,0.6366242485748899,3.4655265050912387,198.7976945148768,23.099006657019345,236.6516853606612,0.040034114736272386,0.22148773131459487,-4.996938054200541,,0.004545571865398945,0.0,1.295143915488917,-0.23809969197608516,-0.022086650254238883,0.12516689202744058,24.597173477010045,-62.37568148937204,-31.806561279561066,-13.376275105828402,-3.3084278939920573,5.313937240482254,1,0.8835071939616526,heater_power_loss,-19.178885666493244
2025-12-03 09:25:06.473,29.81355734835056,29.74014002661994,29.854871952519943,1.5945243643690297,1.5892564859891678,1.6003146512166888,1002.3275423929866,978.9446081802498,1027.2353138472347,0.9804533045695433,0.8456819143008438,-13.815510557964274,-6.617309207884152,-10.249840427321422,-10.279198904486906,30.0,5.0,1000.0,"{'name': 'therm_voltage_bias', 'id': None}",1,-0.18644265164943974,-1.223389774583937,2.3275423929866292,0.1147319259000028,0.05448686990268836,48.29070566698488,26521.328154305713,183.43426767797104,183.43426767797104,-0.2580945510803083,0.03812395157012655,-1.3022795178637427,0.09302665148478464,-0.7876583342537742,3.8229302025620497,185.24284419093692,13.018102583214567,204.81575189053956,0.015023216080066959,-0.07731899462329817,6.695340204786817,,0.004297357770549848,0.0,0.4274856974057455,-0.15312370143603507,-0.065492748196809,0.13791018819155448,65.25820045082669,-178.67966268328433,-85.58341526177779,-12.30967744957963,-2.5995737095846003,6.575197571216106,1,0.8907303435137436,heater_power_loss,14.556833937009458
2025-12-03 09:25:07.573,29.840264930937884,29.80896164154973,29.90080577642732,1.6008144012511871,1.592032512442769,1.6112518696565825,999.4192975904966,986.0716113991564,1015.375753717635,0.9861392870894463,0.8480099312868116,-13.815510557964274,-7.2103442572287655,-10.3933752914907,-9.750375246177153,30.0,5.0,1000.0,"{'name': 'therm_voltage_bias', 'id': None}",1,-0.15973506906211554,-1.1229663148451303,-0.5807024095033739,0.09184413487759002,0.09535202232970796,29.304142318478625,27273.071867050523,168.7008295600519,168.7008295600519,-0.23507541237403373,0.0400342679638212,-1.2829396490724458,0.09830067222564445,-0.4786545900399233,4.037968821185011,185.3478077505295,12.996683353043927,204.81575189053956,0.026707582587324197,0.10042345973880673,-2.908244802490003,,0.005685982519903043,0.0,0.5930350493446133,-0.21905784080067053,-0.05462866461412013,0.12749561098221113,36.92218723570395,-137.57117134507806,-71.79868605698351,-10.400203564599678,-3.5202477301838915,4.899239318728428,1,0.920950251158608,heater_power_loss,-14.73343811791915
2025-12-03 09:25:09.092,29.873667076921393,29.831913864646026,29.92378153941172,1.6020626847716521,1.5948008539023228,1.6112518696565825,996.2801066683118,986.0046140560805,1009.6553655594528,0.9809297399707986,0.8490916093308958,-13.815510557964274,-8.478216514169896,-9.958147177961173,-10.653473746021135,30.0,5.0,1000.0,"{'name': 'therm_voltage_bias', 'id': None}",1,-0.126332923078607,-1.1041121758388301,-3.7198933316882403,0.09186767476569457,0.0817303048540392,23.65075150337225,26938.462725924866,167.31060874730494,167.31060874730494,-0.21230035464739744,0.044745612893285484,-1.247462857655477,0.12004937824636581,0.4088827331283483,3.1891762775727264,182.77692045539578,15.04448666049649,204.81575189053956,0.03340214598350855,0.018854139006300175,-3.1391909221848664,,0.005209547118647739,0.0,1.2678722569411303,-0.13706026632621401,-0.07283155052108603,0.13083029263888335,29.366387838292027,-732.7185736126378,-449.65017289647244,-8.024418829226093,-3.6931009261305014,3.428052172434633,1,0.93461790789547,heater_power_loss,-1.3902208127469464
2025-12-03 09:25:10.102,29.867411667048682,29.786015269792927,29.946763221075685,1.6008144012511871,1.592032512442769,1.6139675848935855,1002.8164010205179,979.1716225685363,1021.3087462621426,0.9727951506853394,0.8472518992850862,-13.815510557964274,-7.483190946015934,-10.955452253034808,-10.09755281158719,30.0,5.0,1000.0,"{'name': 'therm_voltage_bias', 'id': None}",1,-0.13258833295131822,-1.122966314845133,2.816401020517901,0.1607479512827581,0.10897373980537672,42.13712369360621,26049.027398518687,174.7545127648796,174.7545127648796,-0.1830952987970896,0.04338046011436329,-1.192819511300754,0.10770580695930104,-1.1423421835209637,2.8522369347061813,175.27589182674888,9.714883811678726,188.05631940745482,-0.006255409872711226,-0.01885413900630284,6.536294352206141,,0.008134589285459182,0.0,0.9950255681539621,-0.019539188064959682,-0.07778461403750668,0.12996505439455108,155.4877590306878,-732.7185736125342,-396.8780576751237,-8.47845576110129,-3.5202477301838684,4.6263926299412885,1,0.8835140091665578,"ph_offset_bias, heater_power_loss",7.443904017574653
2025-12-03 09:25:11.153,29.925875625758078,29.877835918624385,29.969750834932256,1.6030601908878996,1.5948008539023228,1.6139675848935855,994.3251694464396,977.123724340129,1016.0323835508332,0.9767759796971934,0.8489587532864299,-13.815510557964274,-9.069029858192634,-10.36884482685621,-9.846075722143672,30.0,5.0,1000.0,"{'name': 'therm_voltage_bias', 'id': None}",1,-0.0741243742419222,-1.0892806987527188,-5.674830553560355,0.09191491630787141,0.09535202232970796,38.90865921070417,26858.74611013175,166.66849982063988,166.66849982063988,-0.16131296889419744,0.03276795051360987,-1.1439010720147338,0.0468584193158045,-0.7048900278974543,3.321057736425475,172.6155304982338,6.69067942900539,183.43426767797104,0.058463958709396024,0.03368561609241416,-8.491231574078256,,0.003980829011854037,0.0,1.5858389121767003,0.08442372600482949,-0.07685696842921182,0.12681694657954165,16.707032746782968,-410.1186809640808,-269.21759767478915,-4.307007623621845,-3.8290746883949343,2.67730258726656,1,0.8835541467445703,"ph_offset_bias, heater_power_loss",-8.086012944239712
2025-12-03 09:25:12.061,29.95596301507961,29.90080577642732,29.992744394509828,1.6266335772608915,1.6112518696565825,1.640726656186505,997.4055184697069,983.5353766889266,1012.4707263274765,0.9803926899426505,0.8498308900771916,-6.589710830787355,-13.815510557964274,-9.814923698914274,-9.54309996053748,30.0,5.0,1000.0,"{'name': 'therm_voltage_bias', 'id': None}",1,-0.04403698492038899,-0.787529590763177,-2.5944815302931374,0.09193861808250858,0.14983889223239633,28.93534963854995,27458.12039164032,141.26546817372287,141.26546817372287,-0.13584467019668053,0.04195646220571992,-1.1325430557731497,0.052717408702187586,-0.9662965762494877,3.7101026411788993,172.17374371416946,7.061846316430075,183.43426767797104,0.03008738932153321,0.30175110798954186,3.0803490232672175,,0.0036167102454570665,7.225799727176919,4.74648069977164,-0.04664901061333097,-0.06540122784975484,0.10643673655030687,32.58375446641199,-21.83816005360182,-45.78430503770696,-2.1586813493544286,0.6302956951246825,-5.3231316933308594,1,0.9181119431022342,heater_power_loss,-25.403031646917015
2025-12-03 09:25:13.045,29.963488507544536,29.90080577642732,30.0157439133518,1.626463151106785,1.616675944991297,1.6354318193339759,990.3528515785067,958.9934018170593,1010.6373553157027,0.9769411017884116,0.8519988066813261,-6.43522726825868,-13.815510557964274,-9.598654984544188,-9.423355300135288,30.0,5.0,1000.0,"{'name': 'therm_voltage_bias', 'id': None}",1,-0.03651149245546392,-0.7894366800754751,-9.647148421493284,0.1149381369244793,0.09535202232970796,51.64395349864344,27163.0494302029,143.21429447277163,143.21429447277163,-0.10736353685087038,0.04704784651997304,-1.045371019008998,0.14482993947432116,-1.950701360905441,3.2409795441107994,163.73998381331984,12.964945624706957,174.7545127648796,0.007525492464925065,-0.0019070893122981047,-7.052666891200147,,0.0034515881542388493,0.15448356252867423,0.0,-0.009910311323664852,0.11627997668046655,-0.060769920134376904,129.8003161952462,-3372.6027533313345,-7240.494702695472,-1.6256957115660113,0.8022632956397207,-5.30256646612075,1,0.9279629261188688,heater_power_loss,1.9488262990487613
2025-12-03 09:25:14.094,29.981277398970214,29.877835918624385,30.10780185277025,1.6252937315281,1.616675944991297,1.6380827421683093,999.419052710894,966.9547727609668,1031.2637549228689,0.9759443865721815,0.8511079885274647,-6.669092548691772,-13.815510557964274,-9.916169264941141,-10.825689492450174,30.0,5.0,1000.0,"{'name': 'therm_voltage_bias', 'id': None}",1,-0.01872260102978629,-0.8026127661672168,-0.5809472891060068,0.2299659341458664,0.10897373980538383,64.30898216190212,27192.09703616631,159.93316843468713,159.93316843468713,-0.08271882152954006,0.0449845092536749,-0.9786650920550668,0.17402284183984915,-3.763990563303423,4.553408206862787,158.6426767958638,15.322699651474796,174.7545127648796,0.017788891425677633,-0.013176086091741701,9.066201132387278,,0.0009967152162301263,0.23386528043309163,0.0,0.04151491411300492,0.11004811862812815,-0.0582011259154927,54.85949088837718,-506.1128463652828,-1048.449593618629,-0.3586526787575073,0.6891952889651485,-5.160481246268045,1,0.960655504929395,heater_power_loss,16.718873961915506
2025-12-03 09:25:15.144,30.049221161598823,29.969750834932256,30.15386693132399,1.6000646825119402,1.5808818670052434,1.619376989682884,1011.2271355692941,981.0472488852561,1037.3367765881053,0.9661972424884577,0.8435831161015134,-13.815510557964274,-6.942886879661541,-9.1059527369541,-10.236884110900219,30.0,5.0,1000.0,"{'name': 'therm_voltage_bias', 'id': None}",1,0.049221161598822505,-1.134451821848465,11.227135569294092,0.1841160963917332,0.19070404465942392,56.28952770284923,26692.28866865673,184.64391555163468,184.64391555163468,-0.06119675711977592,0.0446423408694214,-0.9183652101207441,0.17191049251156365,-3.1362013547869765,4.772141255799912,157.1671887333402,14.618374547799716,174.7545127648796,0.0679437626286088,-0.33183905568124816,11.808082858400098,,0.009747144083723791,7.146418009272502,6.872623678302733,0.24187184603653575,0.10880626011717567,-0.053112791360682664,14.220334358510675,-41.633040741877416,-20.922389448760796,-2.5424187728503425,-3.4149495464837436,5.290551441652197,1,0.8957040143639193,heater_power_loss,24.710747116947545
2025-12-03 09:25:16.259,30.053403427856246,29.969750834932256,30.13083137162323,1.5826641713753897,1.5724365210499005,1.5975615527997957,1000.589784628124,979.0439748886995,1023.5987993046299,0.9725577141134379,0.8492664183861749,-13.815510557964274,-5.805774701124884,-10.443042699437058,-10.059272874062964,30.0,5.0,1000.0,"{'name': 'therm_voltage_bias', 'id': None}",1,0.053403427856245855,-1.443275177747324,0.5897846281239936,0.16108053669097444,0.1225954572810597,44.5548244159304,27386.996316202796,199.41280431156238,199.41280431156238,-0.02483485820974778,0.045978733143506346,-0.9206623115214105,0.17536982214849228,-1.4540544450317383,7.871105546354656,159.14506929069123,17.894719823457127,184.64391555163468,0.0041822662574233505,-0.3088233558988591,-10.637350941170098,,0.006360471624980213,0.0,1.1371121785366567,-0.0944057147852453,0.1493294386707177,-0.08028504150319059,232.48764345028258,-44.73581922563418,-18.799601100848058,-2.834181423365529,-0.5836824155775115,9.757881266993833,1,0.931712506980298,heater_power_loss,14.768888759927705
2025-12-03 09:25:17.283,30.061772326498136,29.969750834932256,30.13083137162323,1.5955545279466365,1.5836812065962131,1.6057982132055082,1002.5035577994017,990.0643923172724,1020.3913540977,0.9746310044963611,0.8479864286377622,-13.815510557964274,-6.732006417869151,-9.672357380718822,-9.291661476999726,30.0,5.0,1000.0,"{'name': 'therm_voltage_bias', 'id': None}",1,0.061772326498136465,-1.2062811896681263,2.503557799401733,0.16108053669097444,0.10897373980538383,30.326961780427496,27676.147365767014,172.1826513859824,172.1826513859824,0.0006707022098858317,0.04715739751138587,-0.9914612073203315,0.29268068234947625,-0.2011314086948687,7.5221415935080325,165.69393018887573,25.648267834755416,199.41280431156238,0.00836889864189061,0.2369939880791978,1.9137731712777395,,0.002073290382923143,0.0,0.9262317167442671,0.015615507324964533,0.22433778019786696,-0.15456146972194967,116.44477982306958,-58.29452626798789,-28.405691075709512,-3.4286656064735803,-2.7564238091745974,6.276008773045808,1,0.9410686835962863,heater_power_loss,-27.230152925579972
2025-12-03 09:25:18.286,30.089388474415472,30.038749405017086,30.13083137162323,1.608256039891284,1.5975615527997957,1.616675944991297,996.3819732879883,987.9745647323688,1011.733696133283,0.974934609034506,0.848437458059079,-13.815510557964274,-9.180314442377634,-10.193529346440226,-9.860091799274564,30.0,5.0,1000.0,"{'name': 'therm_voltage_bias', 'id': None}",1,0.08938847441547182,-1.0151731511898632,-3.6180267120116696,0.09208196660614476,0.09535202232970796,23.75913140091427,27946.786880172283,158.9868057805203,158.9868057805203,0.021832564493590924,0.045800626867268275,-1.0752115271013216,0.27934605221365766,0.8184764572441054,7.461897790065722,171.87736683132766,21.711252120072025,199.41280431156238,0.027616147917335354,0.19110803847826308,-6.121584511413403,,0.0003036045381449304,0.0,2.448308024508483,0.004746049547555337,0.2543167756184829,-0.2068930393068699,35.30178467207097,-72.29124623289684,-48.037050029016875,-5.396914870607394,-4.5084865902444164,1.766874227388353,1,0.9425088330466969,heater_power_loss,-13.195845605462097
2025-12-03 09:25:19.433,30.135443924424898,30.084778361129167,30.199956227889857,1.6011391048964139,1.592032512442769,1.608528759222523,986.8231313003156,956.3777337919115,1012.8308113181965,0.9733455168076752,0.8529442663116725,-13.815510557964274,-7.855491720639238,-9.893800669289218,-10.223012499125144,30.0,5.0,1000.0,"{'name': 'therm_voltage_bias', 'id': None}",1,0.13544392442489794,-1.1180299386641508,-13.176868699684405,0.11517786676068908,0.0817303048540321,56.45307752628503,28204.445778032437,169.41128650678525,169.41128650678525,0.04701255786777807,0.03993870722187041,-1.120358821324199,0.2365812862742035,2.0243007991404283,5.6036342909841075,175.03186909287734,17.1781423549484,199.41280431156238,0.046055450009426124,-0.10285678747428761,-9.558841987672736,,0.0015890922268307905,0.0,1.3248227217383963,0.002709047200476161,0.22831873870315136,-0.27701631250938585,21.13375035653998,-134.31662198078948,-76.37235753882955,-8.681459591020245,-3.5655040210700424,4.200860107280901,1,0.9532114510714211,heater_power_loss,10.424480726264932
2025-12-03 09:25:20.383,30.13293265880593,30.084778361129167,30.199956227889857,1.6117461849411963,1.6030601908878999,1.619376989682884,997.5316926750625,979.0057152167968,1011.9738420081367,0.9736072950937643,0.852470441885417,-13.815510557964274,-13.815510557964274,-11.443968259118748,-9.96447313509022,30.0,5.0,1000.0,"{'name': 'therm_voltage_bias', 'id': None}",1,0.13293265880593097,-0.9681098224135307,-2.468307324937541,0.11517786676068908,0.08173030485404009,32.96812679133984,28210.447505189626,176.45473845373695,176.45473845373695,0.07784586295871491,0.03579781173456988,-1.1834422558235858,0.16048994489223822,-0.49488348297525137,8.918515268288342,176.92749270729698,15.540330930125084,199.41280431156238,-0.0025112656189669735,0.14992011625062007,10.708561374746864,,0.00026177828608908715,0.0,5.960018837325036,-0.045221328335482126,0.22951690207173003,-0.25360336956953683,387.541543276027,-92.15186561757696,-92.15186561757696,-8.502188084331323,-4.939959318230388,-3.3758324926088434,1,0.9649634922058454,heater_power_loss,7.043451946951706
2025-12-03 09:25:21.472,30.158076101976715,30.0157439133518,30.22300999210455,1.6223152870043365,1.608528759222523,1.6380827421683093,1001.6962332951781,985.146658517453,1012.9073930783261,0.9694312434647582,0.8490850289558641,-6.844434937849414,-13.815510557964274,-10.86848639672354,-9.835838741641249,30.0,5.0,1000.0,"{'name': 'therm_voltage_bias', 'id': None}",1,0.1580761019767145,-0.8369048969762448,1.6962332951781036,0.2072660787527525,0.14983889223240432,27.76073456087306,27991.40361730788,155.96098990034832,155.96098990034832,0.09458816240013661,0.03853437392696787,-1.150173855936599,0.18805727302345784,-3.2339720618215777,6.064966985631433,175.28965728771746,14.943856032118232,199.41280431156238,0.02514344317078354,0.1312049254372859,4.164540620115645,,0.004176051629006139,6.97107562011486,0.0,0.034280137781408114,0.18835105241364614,-0.2985402415256337,38.55449241330521,-52.165593246174936,-105.29639200302613,-10.298655998326343,0.8282403350639749,-4.790689723103032,1,0.965090072765111,heater_power_loss,-20.493748553388627
2025-12-03 09:25:22.505,30.16308660972186,30.13083137162323,30.22300999210455,1.649402306121668,1.6354318193339759,1.6564450048807124,1000.2057690018728,980.5853233774251,1018.9709553564112,0.9758882570837126,0.849349013122169,-5.395511742231921,-13.815510557964274,-9.99383362940213,-9.599579877533678,30.0,5.0,1000.0,"{'name': 'therm_voltage_bias', 'id': None}",1,0.16308660972185862,-0.5584167725797614,0.20576900187279534,0.0921786204813202,0.10897373980538383,38.38563197898611,28721.633606543546,127.6516392022976,127.6516392022976,0.11552269722423034,0.038996327604327106,-1.028899799782383,0.1415576067088129,-3.012682328410756,6.256521838348298,166.59929440547464,8.765478565755794,176.45473845373695,0.0050105077451441105,0.2784881243964834,-1.4904642933053083,,0.006457013618954455,1.4489231956174926,0.0,-0.01569122379102996,0.2124606138470877,-0.3235033617578197,194.72947198960182,-19.374227822808486,-49.60879742756205,-10.649361374796376,-0.2759926924175309,-7.79378533933785,1,0.937323099192966,heater_power_loss,-28.30935069805072
2025-12-03 09:25:23.632,30.223014983113373,30.176908545523872,30.29220791290294,1.6547895714499963,1.6486167135263967,1.6667883015240161,995.1693310069634,974.5395653682247,1016.8542983409757,0.9694574417268197,0.8521562165292028,-5.052720742363599,-13.815510557964274,-11.039595368150003,-10.311452949183153,30.0,5.0,1000.0,"{'name': 'therm_voltage_bias', 'id': None}",1,0.22301498311337298,-0.5104516845295889,-4.830668993036625,0.1152993673790661,0.09535202232970796,42.31473297275102,28616.81816114277,132.76078200820612,132.76078200820612,0.13578555386897478,0.029168308522942363,-0.8993269163647103,0.2156957839705052,-3.4722400879165436,5.819145538672795,157.69309196873766,18.68474123034608,176.45473845373695,0.059928373391514356,0.04796508805017252,-5.03643799490942,,0.006430815356892938,0.3427909998683223,0.0,0.09827214001299255,0.29225428415858884,-0.37423489695662826,16.176665746084524,-105.33943766851392,-288.0266271352638,-14.927646892982976,-0.3729416754019059,-8.311020126163859,1,0.9149205349105383,heater_power_loss,5.109142805908519
2025-12-03 09:25:24.657,30.23455396920021,30.176908545523872,30.33837052090246,1.676006671323352,1.6642124897919366,1.6896768238973308,998.8834476335533,984.7914431649498,1019.2193984308799,0.9716805060173328,0.8525245296343458,-4.56424692949291,-13.815510557964274,-10.066992094368608,-9.618216105723711,30.0,5.0,1000.0,"{'name': 'therm_voltage_bias', 'id': None}",1,0.23455396920020988,-0.33909070825905346,-1.11655236644674,0.16146197537858598,0.13621717475672845,34.42795526593011,28973.567047996996,114.35043639154509,114.35043639154509,0.162510855608555,0.036360130869844805,-0.7983826230326553,0.26122477338525846,-3.7147685441215343,5.851918366894243,152.44788721427483,21.672930923965996,176.45473845373695,0.0115389860868369,0.17136097627053543,3.7141166265898846,,0.0022230642905131104,0.4884738128706889,0.0,-0.05489721876818439,0.2661988137844115,-0.3527693483116329,84.20118522722323,-26.635120747482315,-80.62179754599248,-15.74795361202078,-1.4554912011729497,-10.158902859932098,1,0.9079778547850388,heater_power_loss,-18.410345616661033
2025-12-03 09:25:25.630,30.25299452998517,30.199956227889857,30.29220791290294,1.6864028996258544,1.6770257086937381,1.6921879536205275,1007.5655610390049,988.9912285999469,1023.4676798009147,0.9674144769399851,0.8471445754190043,-4.297059018621293,-13.815510557964274,-10.2131851658084,-10.52354749490308,30.0,5.0,1000.0,"{'name': 'therm_voltage_bias', 'id': None}",1,0.2529945299851697,-0.2636181249057156,7.565561039004933,0.0922516850130819,0.0817303048540321,34.476451200967745,28711.951136323158,117.28760560481425,117.28760560481425,0.1823328645636174,0.04410574714449172,-0.6425947769516358,0.2551366891363736,-1.3027052774740013,2.505440890923843,141.43571719122684,24.67885299143068,176.45473845373695,0.018440560784959814,0.07547258335333784,8.682113405451673,,0.004266029077347744,0.2671879108716171,0.0,0.04343246153082817,0.30033811849653275,-0.38082853182732374,52.4583839849916,-56.9346098025337,-183.0509423845089,-17.06671212360562,-1.8802297280247418,-10.972766591843492,1,0.9216621399512344,heater_power_loss,2.937169213269158
2025-12-03 09:25:26.703,30.275438241571972,30.199956227889857,30.361461064427374,1.6660864651556961,1.6564450048807124,1.6846355675907743,999.0989616221897,985.4849367558772,1023.9416503660625,0.9686313155143292,0.851429529003795,-4.290969264399471,-13.815510557964274,-9.540626212944323,-10.176000497672677,30.0,5.0,1000.0,"{'name': 'therm_voltage_bias', 'id': None}",1,0.2754382415719725,-0.41602371370238855,-0.9010383778103233,0.16150483653751735,0.14983889223240432,38.45671361018526,29061.618223660265,116.41125363941364,116.41125363941364,0.20634523879946515,0.04315955216904185,-0.5016964374500728,0.2229240163016698,0.7040683953144935,4.53488568460142,129.60229062144225,16.52900980839347,155.96098990034832,0.022443711586802806,-0.15240558879667293,-8.466599416815257,,0.0012168385743441812,0.006089754221822119,0.0,0.035355474681845515,0.3089157966252353,-0.3983601445932187,43.15632712713812,-28.15474907140723,-90.64903733522752,-18.665343061053388,-0.476898068732277,-9.329290567158992,1,0.9434762674989157,heater_power_loss,-0.8763519654006018
2025-12-03 09:25:27.773,30.30900494067714,30.246069851866253,30.407660699495523,1.6557358689504282,1.6486167135263967,1.661630026115934,1002.1017101874775,988.8542977404773,1026.073282188096,0.9608865299717965,0.8481973857871609,-4.209757327461509,-13.815510557964274,-9.765070211062273,-10.128386061909229,30.0,5.0,1000.0,"{'name': 'therm_voltage_bias', 'id': None}",1,0.30900494067714135,-0.5022330503778781,2.1017101874774653,0.16159084762927023,0.06810858737836423,37.21898444761882,28577.949716793035,123.87717596463212,123.87717596463212,0.22981766671851672,0.04224969489286847,-0.41752020079530167,0.12075530872999547,0.18461406071680814,4.54157365968999,121.69234336925533,8.05013605952435,132.76078200820612,0.03356669910516885,-0.08620933667548958,3.0027485652877886,,0.007744785542532773,0.08121193693796158,0.0,0.10523509056133964,0.22420223809881623,-0.34107890137077,28.62533195859815,-48.831236366791536,-160.25352748555215,-21.06581191561244,0.39467397745364075,-8.399646326099413,1,0.8524829473462727,heater_power_loss,7.465922325218472
2025-12-03 09:25:28.872,30.30270416237897,30.246069851866253,30.361461064427374,1.6245133580383138,1.6112518696565825,1.6433635983522943,1001.1938050151789,974.5248198966331,1018.6453538424047,0.9677760806953245,0.8491674342119474,-4.904090034864719,-13.815510557964274,-9.333012864932588,-10.48243105920077,30.0,5.0,1000.0,"{'name': 'therm_voltage_bias', 'id': None}",1,0.30270416237896924,-0.811494272386229,1.1938050151788957,0.11539121256112139,0.1634606097080722,44.120533945771626,29263.264093249967,139.76292872278373,139.76292872278373,0.2590013329095733,0.03427573996835756,-0.40628345635492497,0.10609014935610328,0.5638022978377422,4.622214205805772,120.93745072172223,7.510488239872047,132.76078200820612,-0.006300778298172105,-0.3092612220083508,-0.9079051722985696,,0.006889550723528037,0.69433270740321,0.0,0.015796400508676867,0.1529739892620971,-0.2721502727359281,153.57190223211086,-15.857384723609394,-44.67248042210349,-20.609786039617898,2.535622721440724,-5.064706920344168,1,0.8390972445029216,heater_power_loss,15.885752758151611
2025-12-03 09:25:30.351,30.327884888770846,30.246069851866253,30.361461064427374,1.6062952310086418,1.6003146512166888,1.6139675848935855,991.7614014375107,965.6995602527761,1021.4911555414665,0.9674606217359599,0.8561169538329598,-13.815510557964274,-13.815510557964274,-10.057685640869577,-10.111914748235638,30.0,5.0,1000.0,"{'name': 'therm_voltage_bias', 'id': None}",1,0.3278848887708463,-1.0425434923289585,-8.238598562489301,0.11539121256112139,0.06810858737836423,55.79159528869036,29532.40308193396,176.70659968427216,176.70659968427216,0.27493916876269253,0.03179682482216427,-0.46649197392625297,0.21227337143917926,1.7686970994808462,3.5177116907894583,122.33788006463776,10.373417734057476,139.76292872278373,0.025180726391877073,-0.23104921994272953,-9.432403577668197,,0.00031545895936457846,8.911420523099554,0.0,0.017773495247576668,0.059839207644873105,-0.17777376486640892,38.419153900744305,-59.794405568576074,-59.794405568576074,-22.405051008637543,-4.2575575534710755,-2.57317195436252,1,0.8433812933736639,heater_power_loss,36.943670961488436
2025-12-03 09:25:31.397,30.34467355829798,30.31528614165353,30.43076981867415,1.6045545868803863,1.5975615527997957,1.6139675848935855,995.4430322110339,972.5915404963782,1015.000085355215,0.9624614194677051,0.850014967348618,-13.815510557964274,-9.274654672364797,-9.676819332979772,-9.85459724372003,30.0,5.0,1000.0,"{'name': 'therm_voltage_bias', 'id': None}",1,0.3446735582979805,-1.0674379493044885,-4.5569677889660625,0.11548367702062023,0.0817303048540321,42.40854485883676,29143.867042962695,157.65715172097393,157.65715172097393,0.2936053526768198,0.02947161807988218,-0.6071825307402339,0.3149900960212643,0.344287860272334,5.726556027400012,134.80911272318318,25.223656448217284,176.70659968427216,0.016788669527134203,-0.024894456975530055,3.6816307735232385,,0.004999202268254788,0.0,4.540855885599477,0.04178806769128886,0.06531949967667891,-0.07977620722962359,57.324619636631155,-554.941030869353,-372.5440622150832,-23.606791467425488,-4.029327219105882,2.23613499992714,1,0.8743306159619026,heater_power_loss,-19.049447963298235
2025-12-03 09:25:32.446,30.36839379050938,30.33837052090246,30.407660699495523,1.5942477983681305,1.586472731755196,1.6057982132055082,992.9311957016541,969.1438420909419,1011.0534981891317,0.9621625863198048,0.8550754467127012,-13.815510557964274,-6.691460909945659,-9.626073803339267,-9.980899875241473,30.0,5.0,1000.0,"{'name': 'therm_voltage_bias', 'id': None}",1,0.3683937905093799,-1.228030122524732,-7.068804298345867,0.06929017859306441,0.09535202232971596,41.90965609818977,29385.959991452255,175.5977992906042,175.5977992906042,0.31194115833938196,0.026229844396135977,-0.7679464956199885,0.3006028649680414,-2.0802179053218652,4.291216474384521,142.8830219464151,24.667899191516792,176.70659968427216,0.023720232211399406,-0.16059217322024355,-2.5118365093798047,,0.000298833147900357,0.0,2.583193762419138,0.0690736490227793,0.05760961110194653,-0.05849424449818983,40.5612397258786,-86.02800655179259,-41.66715667775451,-25.297931880111854,-2.557031381260689,6.551085376544745,1,0.8540789854866233,heater_power_loss,17.940647569630272
2025-12-03 09:25:33.493,30.411879858969392,30.31528614165353,30.523268629519976,1.5907716374852046,1.5808818670052434,1.6003146512166888,1005.450097534277,985.6275656787486,1023.2875986034492,0.9558861998722573,0.8493680557812144,-11.54687567814388,-6.3739869609056985,-9.982817819118901,-11.796602861501242,30.0,5.0,1000.0,"{'name': 'therm_voltage_bias', 'id': None}",1,0.4118798589693924,-1.2881523330228049,5.450097534277006,0.20798248786644535,0.09535202232970796,37.660032924700545,29204.15744431523,195.57860552939607,195.57860552939607,0.3305322681268635,0.026824936527994503,-0.9303477773844572,0.2816934270743049,-3.313771089428974,4.73142203445683,154.72033107665325,22.928768524756986,176.70659968427216,0.04348606846001246,-0.06012221049807276,12.518901832622873,,0.006276386447547466,2.268634879820393,0.31747394903996007,0.07521347591449526,0.13403409683621156,-0.17958830998090378,21.980929819429438,-192.05354442131818,-106.01541248549951,-28.40401150741931,0.26279898027827997,7.516891268558535,1,0.8743204170333544,heater_power_loss,19.98080623879187
2025-12-03 09:25:34.543,30.40074224242113,30.33837052090246,30.500134548940025,1.5780746691089171,1.5696054812710505,1.5892564859891678,1005.8832552625503,994.5525279054732,1027.1885816328213,0.956372748484449,0.8503008270503628,-13.815510557964274,-5.558447572188917,-9.819595671687274,-10.699111666022569,30.0,5.0,1000.0,"{'name': 'therm_voltage_bias', 'id': None}",1,0.4007422424211313,-1.5424198224943753,5.8832552625502785,0.16176402803756673,0.09535202232970796,32.6360537273481,29116.198022135002,208.32084894441536,208.32084894441536,0.35110725178531366,0.04158023516333272,-1.0875316339134427,0.1861537027676869,-2.6440936200690657,5.804761711319142,169.06061698960602,21.17069364660054,195.57860552939607,-0.011137616548261065,-0.2542674894715704,0.43315772827327237,,0.0004865486121916618,2.268634879820393,0.8155393887167817,-0.023010424411433892,0.139462459819421,-0.19559587465275724,85.86099937462663,-54.33433999893635,-21.860544276409065,-27.609605869444017,0.32526753434024336,11.074341410697546,1,0.9203941106193192,heater_power_loss,12.742243415019288
2025-12-03 09:25:35.408,30.41397165265013,30.361461064427374,30.47700672953016,1.5703783782245995,1.5639192433062388,1.5780746691089178,999.8221631889206,986.2560813807913,1023.5968567222793,0.9669814485227529,0.8507690953220389,-13.815510557964274,-5.192669263204233,-9.746793860252202,-10.401677353266868,30.0,5.0,1000.0,"{'name': 'therm_voltage_bias', 'id': None}",1,0.4139716526501296,-1.733229317129112,-0.17783681107937355,0.11554566510278619,0.06810858737836334,37.34077534148798,30442.38908486852,223.91993678390784,223.91993678390784,0.3707148677937461,0.035756621864420655,-1.2337167439350718,0.20154962875669016,-1.706203570594789,6.8623803888982975,182.77220103393236,19.594429490643915,208.32084894441536,0.013229410228998262,-0.19080949463473673,-6.061092073629652,,0.010608700038303942,0.0,0.3657783089846838,0.08551769143442015,0.1614959649519782,-0.23305902648615845,73.08779030927809,-72.40435377734818,-27.213750863884172,-28.542024905753582,2.0745932900032553,13.497726873004687,1,0.9472057280977189,heater_power_loss,15.599087839492483
2025-12-03 09:25:36.457,30.432891571842003,30.31528614165353,30.54640898517698,1.5636600081030605,1.5553287979070474,1.5724365210499005,995.0498442990403,978.2498802874218,1021.7225696802134,0.9488186691447272,0.8529550448350821,-13.815510557964274,-4.884934200716437,-10.183009586880951,-10.489769503184714,30.0,5.0,1000.0,"{'name': 'therm_voltage_bias', 'id': None}",1,0.4328915718420028,-1.9343647807909505,-4.950155700959726,0.23112284352345114,0.08173030485403299,43.47268939279161,28697.99272998309,253.87603244147698,253.87603244147698,0.38793222056960275,0.030284897963294262,-1.3718539088951025,0.2645964986262771,-0.0940512203128037,5.8102840512880345,192.21486845385948,26.20253549685273,223.91993678390784,0.01891991919187319,-0.20113546366183854,-4.772318889880353,,0.018162779378025684,0.0,0.30773506248779636,0.14901563843905033,0.18819217391425397,-0.27829960823561883,50.146542011143865,-68.68724997169909,-24.28666643423368,-29.908850116680362,3.9185866805544904,15.974419877599448,1,0.9215222070069158,heater_power_loss,29.956095657569136
2025-12-03 09:25:37.509,30.467768714122222,30.407660699495523,30.523268629519976,1.561063953191365,1.5524488384156683,1.5667664039459728,998.6728545826354,980.3585867293655,1019.599758823824,0.9558877853010127,0.8518332232569069,-13.815510557964274,-4.67699074254593,-9.88300419983507,-10.472748884122954,30.0,5.0,1000.0,"{'name': 'therm_voltage_bias', 'id': None}",1,0.4677687141222222,-2.023948864748097,-1.3271454173645907,0.1156079300244528,0.06810858737836423,39.241172094458534,29884.38445379042,255.82378633320147,255.82378633320147,0.4055758232784072,0.023781547474684583,-1.5452392751923951,0.29727184808625223,-0.17268880271153647,5.887928542959317,211.45864459796007,29.59113136968376,253.87603244147698,0.03487714228021943,-0.08958408395714645,3.6230102835951357,,0.007069116156285471,0.0,0.20794345817050708,0.07702678750668313,0.2539273917495158,-0.36206337710148284,27.406499394984372,-154.21663906206754,-52.20724852792676,-32.38791696316164,4.739886195359581,17.148399393498224,1,0.8803575721085442,heater_power_loss,1.9477538917244885
2025-12-03 09:25:38.554,30.47280904830041,30.407660699495523,30.523268629519976,1.5529730847125125,1.5437588579941741,1.5610639531913655,996.8863243141961,985.8882968866678,1005.595310665336,0.960212785052262,0.8534299730121709,-13.815510557964274,-4.443892155006141,-10.343504600506785,-10.380573090098498,30.0,5.0,1000.0,"{'name': 'therm_voltage_bias', 'id': None}",1,0.4728090483004088,-2.3671856641454707,-3.1136756858038552,0.1156079300244528,0.08173030485404009,19.70701377866817,30437.829971276504,304.25927650179017,304.25927650179017,0.4254508080009757,0.026327860828525024,-1.704423023637068,0.29804618031876823,0.9756429734847188,4.63286741427105,227.50384200647954,26.914512807171896,255.82378633320147,0.005040334178186612,-0.3432367993973737,-1.7865302684392645,,0.0043249997512493366,0.0,0.2330985875397884,0.03583651988163909,0.2555627771701344,-0.36135877679587697,190.4679894475185,-40.25055102386833,-12.946977759466849,-32.742880461402045,7.886652946283391,21.082815334639818,1,0.8715035526419361,heater_power_loss,48.4354901685887
2025-12-03 09:25:39.603,30.497833037118234,30.43076981867415,30.569555629834554,1.5573398458642955,1.5437588579941741,1.5667664039459728,1006.4544333645333,995.0412835097528,1027.0393163585438,0.9591212806454209,0.8504846848382208,-13.815510557964274,-4.348872649243235,-9.936090154261827,-9.871438525715325,30.0,5.0,1000.0,"{'name': 'therm_voltage_bias', 'id': None}",1,0.4978330371182338,-2.1678407018877897,6.454433364533315,0.13878581116040323,0.10897373980538383,31.998032848791013,30618.03439527931,275.36696613297636,275.36696613297636,0.43763664586717893,0.031971800337792934,-1.9202296898616011,0.31162338899097825,-0.7371116705314534,4.119708212982871,249.23997620095832,36.76765681422309,304.25927650179017,0.02502398881782497,0.19934496225768106,9.56810905033717,,0.0010915044068411373,0.0,0.09501950576290596,0.0522629599510878,0.3088590542569829,-0.4352940522531193,38.326541826953836,-69.30419057149447,-21.81570471751889,-34.52774880247704,6.059074725364251,19.028184891874808,1,0.8736756671372217,heater_power_loss,-28.89231036881381
2025-12-03 09:25:40.650,30.49320746351766,30.407660699495523,30.569555629834554,1.5593468576232887,1.5524488384156683,1.5696054812710505,1005.9541368775438,989.1014444134844,1017.3646033002544,0.950816501344898,0.8493555396304664,-13.815510557964274,-4.237273211286756,-9.802362633051606,-9.247815841667581,30.0,5.0,1000.0,"{'name': 'therm_voltage_bias', 'id': None}",1,0.49320746351765976,-2.0877993387370997,5.95413687754376,0.1618949303390309,0.08173030485404009,28.263158886770043,29649.445035291687,260.0584927762743,260.0584927762743,0.45705480480659944,0.033413575453646635,-2.045313865740284,0.2391533024992737,-0.622876050134846,4.350626271537232,262.6491996386706,29.650677108171156,304.25927650179017,-0.004625573600574029,0.08004136315068999,-0.500296486989555,,0.008304779300522869,0.0,0.11159943795647909,0.045693576338765515,0.2756129913733108,-0.35493639632882196,205.51202324478922,-172.60248216253694,-52.937882447442824,-34.20633032682109,5.325262090170632,18.27665285046853,1,0.8811100735880686,heater_power_loss,-15.308473356702052
2025-12-03 09:25:41.696,30.53168672201804,30.453885157399668,30.54640898517698,1.5662493409607061,1.5553287979070474,1.5752595686633382,995.0382474337229,974.3237511208067,1016.5079715010079,0.952632513692683,0.8512528032514951,-13.815510557964274,-4.161067403186685,-10.074691251992927,-10.003768511414494,30.0,5.0,1000.0,"{'name': 'therm_voltage_bias', 'id': None}",1,0.5316867220180406,-1.8521503250454014,-4.961752566277141,0.09252382777731327,0.09535202232970885,42.18422038020117,30347.0554471485,236.76953752771564,236.76953752771564,0.47290196698010545,0.02579274164256302,-2.1162278700618815,0.16434831781504702,0.6035186875897807,5.273770346756649,269.87691083714384,20.989327804999988,304.25927650179017,0.03847925850038081,0.23564901369169822,-10.915889443820902,,0.0018160123477849455,0.0,0.07620580810007116,0.15076001211009643,0.26021221705252867,-0.3176883054180697,24.756395897996775,-58.627242755178266,-17.6578279712329,-36.947418753283365,3.164851311154674,15.811721504080538,1,0.863653864026929,heater_power_loss,-23.288955248558665
2025-12-03 09:25:42.749,30.546420934310966,30.453885157399668,30.639033437292426,1.5783557437803193,1.5639192433062388,1.5892564859891678,1001.694414643012,980.5932757189015,1021.6842490510121,0.9488245869173774,0.8504734486091202,-13.815510557964274,-4.164071116591877,-10.176995749604218,-9.199619062682718,30.0,5.0,1000.0,"{'name': 'therm_voltage_bias', 'id': None}",1,0.5464209343109658,-1.5360706540042075,1.69441464301201,0.18514827989275773,0.1225954572810517,41.09097333211059,30103.55060826154,202.40357919550553,202.40357919550553,0.492660997015313,0.02531689876279167,-2.099784978912772,0.1893095358603205,0.6011993145262977,5.276825103671447,266.4556118543916,25.217806958541193,304.25927650179017,0.014734212292925264,0.31607967104119394,6.656167209289151,,0.0038079267753056145,0.0,0.003003713405192343,0.036727733239330165,0.2252058473097836,-0.24193063317166785,64.39164689693214,-43.70881178040696,-13.174077057211719,-38.00152073133918,0.2670588797439084,12.40025117637422,1,0.9080901433996826,heater_power_loss,-34.36595833221011
2025-12-03 09:25:43.797,30.563245768469688,30.500134548940025,30.59270857743263,1.5892564859891678,1.5836812065962131,1.5975615527997957,1007.1357486717353,982.3610795297084,1023.9379961951915,0.9531368785210084,0.8507383369163389,-13.815510557964274,-4.158079898882953,-9.881939246585288,-9.901175352351263,30.0,5.0,1000.0,"{'name': 'therm_voltage_bias', 'id': None}",1,0.5632457684696881,-1.3154637979456494,7.135748671735314,0.09257402849260643,0.06810858737836423,41.57691666548317,30809.1381705553,182.92250123307903,182.92250123307903,0.5083914410530618,0.029987715043584544,-2.002209336763994,0.31928439347327514,1.2055113266016177,5.172769422869167,255.7715704268524,38.60904887098393,304.25927650179017,0.01682483415872227,0.22060685605855812,5.441334028723304,,0.004312291603631002,0.0,0.005991217708924523,0.0051675960804026585,0.123446698063704,-0.1050358743699259,56.647228870190425,-62.624744217164626,-18.848285701027947,-39.19652760789846,-1.7554466350776963,10.027313368737719,1,0.917346205038447,heater_power_loss,-19.481077962426497
2025-12-03 09:25:44.847,30.559044158502356,30.47700672953016,30.639033437292426,1.590014348697666,1.5780746691089178,1.5975615527997957,997.1572876228496,982.442194468604,1010.154890118391,0.9515484320644272,0.8511630823377904,-13.815510557964274,-4.11650785860295,-9.807455957180082,-9.852305062615516,30.0,5.0,1000.0,"{'name': 'therm_voltage_bias', 'id': None}",1,0.5590441585023562,-1.3017148288674214,-2.8427123771504057,0.1620267077622657,0.09535202232970885,27.71269564978695,30563.88737474473,175.07315392535216,175.07315392535216,0.5264787850869176,0.03043099860944428,-1.7918649635240296,0.36226993886874226,3.2553961981094517,5.062913504050401,231.50421537311018,38.6459611549376,275.36696613297636,-0.004201609967331876,0.01374896907822798,-9.97846104888572,,0.0015884464565811829,0.0,0.04157204028000283,0.05147081809154502,0.08969979566919022,-0.05226363398066373,226.4184493591109,-1004.7666637912718,-299.3830629860197,-38.898614060847834,-1.8814960529455007,9.920622466545566,1,0.892443422828203,heater_power_loss,-7.849347307726873
2025-12-03 09:25:45.898,30.597353076721042,30.523268629519976,30.685383676607103,1.5909230264486676,1.5808818670052434,1.5975615527997957,999.5953355216749,986.7417367575413,1018.6138060556891,0.9412651197406531,0.849912116920955,-13.815510557964274,-4.089054557214742,-10.537951058233096,-9.601958882049022,30.0,5.0,1000.0,"{'name': 'therm_voltage_bias', 'id': None}",1,0.597353076721042,-1.2854617679263458,-0.40466447832511676,0.1621150470871271,0.08173030485404009,31.872069298147835,29954.93163550078,177.7022137439046,177.7022137439046,0.5387210093637421,0.02826104694740292,-1.6186397889199562,0.34417024403429564,1.3959670497727075,5.296179713082315,211.44545293158535,36.13445479326707,260.0584927762743,0.03830891821868576,0.016253060941075592,2.438047898825289,,0.010283312323774108,0.0,0.027453301388208118,0.14275453590018622,0.08691282729206666,-0.04619516658274615,24.56975017194238,-849.9728534332694,-251.57125791754007,-41.63965950121534,-2.030502779088822,9.77280978067375,1,0.9049500032786986,heater_power_loss,2.6290598185524345
2025-12-03 09:25:46.948,30.628512834851758,30.54640898517698,30.685383676607103,1.6028109076263084,1.5948008539023228,1.6112518696565825,998.3133952743963,980.0566728335875,1015.4660360087125,0.9476546845084483,0.8501282714317161,-13.815510557964274,-8.380233225937179,-9.962600154052222,-9.690564380312116,30.0,5.0,1000.0,"{'name': 'therm_voltage_bias', 'id': None}",1,0.6285128348517581,-1.092967996605877,-1.686604725603729,0.1389746914301213,0.0817303048540392,35.40936317512501,31086.016743478955,158.16640199183288,158.16640199183288,0.5595501320044185,0.024452616503449376,-1.4581722747578052,0.24287878792527332,0.12420677859893203,4.652326541569181,194.9741971251114,25.69855298237069,236.76953752771564,0.031159758130716142,0.19249377132046885,-1.2819402472786123,,0.006389564767795175,0.0,4.291178668722437,0.005913525098903148,0.05286750863617275,-0.025318073330109103,30.411798086976425,-71.77083545279241,-43.53486158845121,-43.85442081668458,-3.7952698449007567,3.4058614465202695,1,0.890707741772381,heater_power_loss,-19.53581175207171
2025-12-03 09:25:47.991,30.62282891193256,30.523268629519976,30.685383676607103,1.6128821836514253,1.6030601908878999,1.619376989682884,1002.3437695156633,986.546754339717,1031.899063032432,0.944840074152793,0.8529800902159608,-13.815510557964274,-13.815510557964274,-10.363019689967262,-10.058111963746894,30.0,5.0,1000.0,"{'name': 'therm_voltage_bias', 'id': None}",1,0.6228289119325616,-0.9532228938994128,2.3437695156633254,0.1621150470871271,0.08173030485404009,45.35230869271493,30715.638944182978,168.7074032546361,168.7074032546361,0.578915354571162,0.03352665863944307,-1.3063358090699002,0.1571975839551002,0.7792363467336145,3.9320257555083216,179.25357001793483,15.921174748901386,202.40357919550553,-0.005683922919196505,0.13974510270646412,4.0303742412670545,,0.0028146103556552227,0.0,5.435277332027095,0.013483555022495866,-0.0020157460624370413,0.013964951444178055,166.20103519122733,-98.86150876768043,-98.86150876768043,-43.452070202643725,-5.076441454626758,-3.5363666979967174,1,0.9455455784079922,heater_power_loss,10.541001262803206
2025-12-03 09:25:49.041,30.64831744668428,30.54640898517698,30.731759407493826,1.6117956030331964,1.6003146512166888,1.630108797885115,1006.5835674736611,984.8831879711915,1035.5699238393263,0.945033979592447,0.8448508678669733,-8.614106580100295,-13.815510557964274,-9.118048871329018,-9.410485605737708,30.0,5.0,1000.0,"{'name': 'therm_voltage_bias', 'id': None}",1,0.6483174466842812,-0.9674579353397358,6.583567473661105,0.1853504223168443,0.14983889223240432,50.68673586813475,31088.566367332718,166.55446339785706,166.55446339785706,0.5941969500954812,0.032407656199365885,-1.1897662570489413,0.16032205961490253,0.9091073212638776,3.980238263612436,172.51433482976097,9.515086381771777,182.92250123307903,0.025488534751719527,-0.014235041440322949,4.23979795799778,,0.0001939054396539186,5.201403977863979,0.0,0.11511267316747109,0.007027461846797923,-0.034772884694798695,37.07537186525913,-605.0914234979132,-970.4601251603876,-45.268767210228404,0.2554682125487311,-3.3828621611731187,1,0.9517496493687655,heater_power_loss,-2.152939856779028
2025-12-03 09:25:50.088,30.65168653860889,30.569555629834554,30.75495686738668,1.6035585710620681,1.5975615527997957,1.6112518696565825,1007.8223303681111,979.5742187716118,1024.1230263452758,0.9388822784334281,0.8478222197016204,-13.815510557964274,-8.586853896010918,-10.557795683263432,-10.666304420444542,30.0,5.0,1000.0,"{'name': 'therm_voltage_bias', 'id': None}",1,0.6516865386088888,-1.0819466425747846,7.822330368111125,0.1854012375521279,0.06810858737836334,44.54880757366402,30452.489684565124,169.0471023988821,169.0471023988821,0.6112112857383998,0.034368005257365504,-1.1201650845277586,0.16749041258287312,0.7986710816490359,3.7661864411875587,169.24072726271658,7.6771590204470845,177.7022137439046,0.003369091924607659,-0.11448870723504878,1.2387628944500193,,0.006151701159018863,5.201403977863979,5.228656661953355,0.08912948187932528,0.029249263472263,-0.03014050912341574,278.59248336163154,-120.67032829074198,-75.00109925499243,-45.515076792669724,-3.896312712320837,3.0803912562112483,1,0.9645923114171163,heater_power_loss,2.492639001025026
2025-12-03 09:25:51.141,30.647474032810184,30.569555629834554,30.731759407493826,1.6003146512166895,1.592032512442769,1.6112518696565825,994.6929860480327,978.1821727421523,1011.5118840813348,0.9505756622421614,0.8504389241832975,-13.815510557964274,-7.459143932326474,-10.041964578494706,-10.670264964926576,30.0,5.0,1000.0,"{'name': 'therm_voltage_bias', 'id': None}",1,0.6474740328101838,-1.1306086434324747,-5.307013951967292,0.16220377765927196,0.09535202232970796,33.329711339182495,31672.719959239643,164.13336635790682,164.13336635790682,0.6297397617597064,0.021937148595413583,-1.0762114472692312,0.13327873210209604,2.9316796307013417,4.185096479347157,168.03551695742254,6.973390726788977,177.7022137439046,-0.004212505798705024,-0.048662000857690124,-13.129344320078417,,0.011693383808733304,0.0,1.1277099636844445,0.02755081827631604,0.030659859175349243,-0.026931703023631702,225.60207761771935,-283.9017387843856,-153.28162671554028,-45.20310473135823,-3.4501834901591852,4.732851213345646,1,0.9436957191502662,heater_power_loss,-4.913736040975266
2025-12-03 09:25:52.185,30.692349267829847,30.59270857743263,30.75495686738668,1.6008643625211265,1.5892564859891678,1.6139675848935855,1001.416065767032,957.3613506312117,1022.9052134576996,0.9324529497603041,0.8490797799449175,-13.815510557964274,-8.03836655547376,-10.348679207057033,-9.866824782530568,30.0,5.0,1000.0,"{'name': 'therm_voltage_bias', 'id': None}",1,0.6923492678298473,-1.122205284477797,1.4160657670320234,0.16224828995405005,0.12259545728105259,65.54386282648784,30354.774904622554,172.11425417935655,172.11425417935655,0.6397639529775347,0.013116200936525461,-1.045240822370457,0.07973446862114177,1.9512097359729068,5.522644385362454,165.321747480223,4.457346227759428,169.0471023988821,0.044875235019663506,0.008403358954677698,6.7230797189993154,,0.01812271248185726,0.0,0.5792226231472855,0.16984159899940268,0.05603331868171169,0.0041647235105928045,20.778323969284173,-1643.8506056758604,-956.4520743131475,-48.4200541916804,-3.5272247940085535,4.063010397795615,1,0.9201074930597613,heater_power_loss,7.980887821449727
2025-12-03 09:25:53.233,30.70436399716159,30.66220537751684,30.801371046439044,1.6070402948450047,1.6003146512166888,1.6139675848935855,992.8647480455294,979.536249655709,1018.9527774478258,0.9353959230049678,0.852987108051876,-13.815510557964274,-13.815510557964274,-9.994399862685219,-9.745952913598737,30.0,5.0,1000.0,"{'name': 'therm_voltage_bias', 'id': None}",1,0.7043639971615896,-1.0320612752091995,-7.135251954470618,0.13916566892220317,0.06810858737836423,39.41652779211688,30839.705138654153,164.24701167925653,164.24701167925653,0.6525312395731525,0.02505867390741528,-1.051088279944841,0.0850073870492093,2.571743834500057,5.17507913471294,168.11131791772772,2.9791946750352145,172.11425417935655,0.012014729331742302,0.09014400926859745,-8.551317721502642,,0.002942973244663638,0.0,5.777144002490514,0.01928149691448534,0.0248443027976367,0.035505963571556706,77.84761933126316,-153.25874022375845,-153.25874022375845,-49.273553252390506,-4.353657658023776,-2.686207655073236,1,0.9409454927091787,"ph_offset_bias, heater_power_loss",-7.867242500100019
2025-12-03 09:25:54.286,30.71554099210773,30.61586784192758,30.778160742338287,1.6060716035662785,1.6003146512166888,1.616675944991297,1005.9441034603811,983.1280141870042,1033.841500714104,0.9382411452931233,0.8458675645029547,-13.815510557964274,-13.815510557964274,-10.210069277653442,-10.684489862443332,30.0,5.0,1000.0,"{'name': 'therm_voltage_bias', 'id': None}",1,0.71554099210773,-1.0457097038970096,5.944103460381143,0.162292900410705,0.08173030485404009,50.71348652709992,31317.32381369754,184.2902140104987,184.2902140104987,0.6688382566189581,0.027324718750997234,-1.0668559562067983,0.06790861223294192,0.6759395404732687,6.769955715382453,167.2192396026518,3.3948832830341726,172.11425417935655,0.01117699494614044,-0.013648428687810021,13.079355414851761,,0.0028452222881555356,0.0,0.0,0.07894787040811531,-0.08185521843796711,0.08353818360005187,83.9364438625982,-1012.1676792452549,-1012.1676792452549,-50.067434116963476,-4.2285299861874215,-2.5390288967341483,1,0.9279580535870589,"ph_offset_bias, heater_power_loss",20.043202331242156
2025-12-03 09:25:55.331,30.721221507251382,30.685383676607103,30.778160742338287,1.613227666398245,1.5975615527997957,1.6274366238567897,998.360730050056,970.1514360336306,1014.1713477647493,0.9371648725885602,0.8507152369197866,-7.73760959722137,-9.274654672364797,-9.816283488618389,-9.42708858562812,30.0,5.0,1000.0,"{'name': 'therm_voltage_bias', 'id': None}",1,0.7212215072513821,-0.9487357301110573,-1.6392699499440369,0.09277706573118394,0.14983889223239633,44.01991173111867,31269.74100886263,145.72774471614588,145.72774471614588,0.6822829657036479,0.030995168450839872,-1.082506309918253,0.04412722526855812,0.5480467378172762,6.635150751831869,170.76638972518012,8.278976384400393,184.2902140104987,0.005680515143652087,0.0969739737859523,-7.58337341032518,,0.0010762727045631193,6.0779009607429035,4.540855885599477,-0.020654414418054077,-0.1039375425083179,0.10568092537090396,164.94981512733398,-79.7897570387612,-95.63967186870552,-50.47343269871142,0.9603215575047575,0.956101551931253,1,0.9374383717730271,heater_power_loss,-38.56246929435281
2025-12-03 09:25:56.379,30.729449261586815,30.66220537751684,30.801371046439044,1.609891241355571,1.6030601908878999,1.619376989682884,996.1496966242921,974.3197989647499,1015.8036384670081,0.9394454182710522,0.8512285893655702,-13.815510557964274,-13.815510557964274,-9.700264076501906,-9.951252555071685,30.0,5.0,1000.0,"{'name': 'therm_voltage_bias', 'id': None}",1,0.7294492615868151,-0.9928675154332709,-3.850303375707881,0.13916566892220317,0.08173030485404009,41.483839502258206,31648.91088987358,161.30785987762698,161.30785987762698,0.6961899594321466,0.029393231207460704,-1.0558641274255076,0.07438762228042803,-1.3442733257937562,5.245609541345358,166.1025181886329,14.047999024103282,184.2902140104987,0.00822775433543299,-0.044131785322213624,-2.211033425763844,,0.00228054568249203,6.0779009607429035,4.540855885599477,0.022785738615888996,-0.175890289429777,0.14904468441069368,114.16617631004041,-313.04415656290854,-313.04415656290854,-51.057648482938056,-4.7129828245651435,-3.1088562273307687,1,0.9341189003427002,"ph_offset_bias, heater_power_loss",15.580115161481103
2025-12-03 09:25:57.427,30.746525503340226,30.685383676607103,30.778160742338287,1.612980905187682,1.5975615527997957,1.6247572901783252,1002.244048569907,978.9152757995838,1022.8474224366178,0.9332178837607856,0.8507040177873179,-8.319974950309398,-9.274654672364797,-11.442373340546718,-9.88492478586163,30.0,5.0,1000.0,"{'name': 'therm_voltage_bias', 'id': None}",1,0.7465255033402265,-0.9519387912315104,2.2440485699070223,0.09277706573118394,0.13621717475672757,43.93214663703395,31219.77825489502,162.23331911631726,162.23331911631726,0.7125850051874728,0.014532723504593321,-1.028315901825667,0.06465558787728364,-1.052931210541874,5.005450779928892,165.5374168925769,14.202989107382049,184.2902140104987,0.01707624175341138,0.040928724201760525,6.094351945614903,,0.006227534510266586,5.495535607654876,4.540855885599477,0.05346972586928545,-0.23115147433107805,0.1930026282785947,54.646874315892624,-203.2746399486251,-226.5994910360491,-52.28111619122044,0.4073216053664961,0.9906419792123469,1,0.9206051930212138,"ph_offset_bias, heater_power_loss",0.92545923869028
2025-12-03 09:25:58.477,30.75075432440277,30.685383676607103,30.871040674795495,1.6267066081508117,1.616675944991297,1.6354318193339759,1009.3188750406842,989.0727654888212,1031.7103516415004,0.9270967186848182,0.844918315687859,-6.487037377321559,-13.815510557964274,-9.949741293959427,-9.790144938999692,30.0,5.0,1000.0,"{'name': 'therm_voltage_bias', 'id': None}",1,0.7507543244027701,-0.7867133788235293,9.318875040684247,0.1856569981883922,0.09535202232970796,42.637586152679205,30609.083900532463,148.10590517413485,148.10590517413485,0.7234202522895486,0.015813440956026104,-0.9942626031764096,0.04455752259289369,-0.8873346499668742,5.119940637698143,163.56122987996906,13.738952800449912,184.2902140104987,0.004228821062543631,0.16522541240798105,7.074826470777225,,0.006121165075967383,1.8329375729878388,4.540855885599477,0.04314823565102254,-0.15283847713222998,0.14928620575937687,219.18107290507993,-39.2615035500717,-83.61562995055948,-52.58867902943233,0.7254861846486751,-5.331933370254019,1,0.9271743605731826,heater_power_loss,-14.127413942182415
2025-12-03 09:25:59.574,34.893076929608675,30.685383676607103,38.41125737538039,1.6436029759253568,1.622070758380417,1.661630026115934,999.3513382345972,968.5557528492407,1012.537885521929,0.7392240665461202,0.8491402774874395,-5.53290509838338,-13.815510557964274,-10.400590189877105,-9.438518820470993,30.0,5.0,1000.0,"{'name': 'therm_voltage_bias', 'id': None}",1,4.893076929608675,-0.6124477253863404,-0.648661765402835,7.725873698773285,0.20432576213509268,43.982132672688294,199787.07765299964,45423.871380280994,45423.871380280994,0.7326983177377848,0.015442294243076835,-0.9451930238992755,0.09688951716817717,2.403490749064099,5.381397474292764,160.3330085789447,15.340510075096603,184.2902140104987,4.142322605205905,0.17426565343718892,-9.967536806087082,,0.18787265213869808,0.9541322789381788,0.0,0.16453121111802083,-0.03792552141300517,0.07632338834574115,0.17845637786895577,-31.74964911102519,-79.27799315285417,-348.05238348301043,0.08196528354629606,-7.211138887658574,1,0.6697909999823308,heater_power_loss,45275.76547510686
2025-12-03 09:26:00.574,38.3203107465848,38.25541322678913,38.38525351798285,1.6554047666763667,1.640726656186505,1.671920105614865,989.2849572047501,964.7286664905942,1004.4309554832465,0.6845652905233821,0.8531303509648239,-5.093165189466847,-13.815510557964274,-10.17932228026826,-10.748868039062465,30.0,5.0,1000.0,none,0,8.320310746584802,-0.5051018953098841,-10.715042795249929,0.12984029119371598,0.16346060970808018,39.70228899265237,395437.51341600856,119.26541787988329,119.26541787988329,1.5682055052379738,1.858699032675379,-0.8585406281971416,0.1586056087189459,1.0849377039073034,5.09716933799692,9208.249241833044,20245.149619624535,45423.871380280994,3.427233816976127,0.10734583007645626,-10.066381029847093,,0.054658776022738054,0.4397399089165335,0.0,-0.5923564735130241,0.2235103925332591,-0.0617092386899818,0.19974274512283893,-47.44588345868538,-128.69975338931175,-592.409433099822,-0.4624325501334683,-8.368709941800674,0,0.24495797549197387,N/A,-45304.60596240111
2025-12-03 09:26:01.621,38.30734929344142,38.177651432133814,38.38525351798285,1.6647281831962906,1.6538423776223454,1.671920105614865,996.8110808414501,975.6751319923978,1029.7260419264803,0.6606397919018938,0.8505849848625646,-4.734111101634902,-13.815510557964274,-10.48660288385099,-9.882669654735992,30.0,5.0,1000.0,none,0,8.307349293441419,-0.42697131703623065,-3.1889191585498793,0.2076020858490324,0.09535202232971596,54.05090993408248,390219.68389032147,122.60683939098908,122.60683939098908,3.0880233531046577,3.433051129104434,-0.769813861236907,0.21097662316477098,-0.730216865153875,7.403864580949166,9202.956776465791,20248.11425478532,45423.871380280994,-0.01296145314338304,0.0781305782736535,7.526123636700049,,0.023925498621488295,0.3590540878319448,0.0,-0.7144884981124201,0.2288203184087299,-0.1661783253613486,50.96564551433935,-60.591520179636206,-176.82364625447428,-591.5094315596712,-0.8196731788751568,-9.211236342579806,0,0.09049439068496787,N/A,3.3414215111057928
2025-12-03 09:26:02.703,38.29788260613844,38.25541322678913,38.35926162398107,1.6698239133235475,1.661630026115934,1.6770257086937381,997.1750963010952,986.542455391427,1005.9619230309246,0.6582719326299896,0.8520258494628711,-4.492567506073261,-13.815510557964274,-10.452082624382294,-10.395334931738935,30.0,5.0,1000.0,none,0,8.297882606138437,-0.3864303719684664,-2.824903698904791,0.10384839719193906,0.0817303048540392,19.41946763949761,388945.9323100045,111.84887543834702,111.84887543834702,4.603603359475579,3.786057909221593,-0.656634621557499,0.21318121286808808,-0.5979400217222747,7.339816657277666,9195.216572368463,20252.44160462177,45423.871380280994,-0.00946668730298228,0.040540945067764234,0.3640154596450884,,0.0023678592719041935,0.24154359556164096,0.0,-0.5789269895950238,0.2319629224640613,-0.18003087816796204,69.52827143146531,-110.81282603891141,-340.77078775752375,-590.8369886342207,-0.9498056338251475,-9.648412378990198,0,0.05135170414200078,N/A,-10.757963952642058
2025-12-03 09:26:03.773,38.24363868709951,38.20356021807527,38.307313635050946,1.668424006685797,1.6590408760502107,1.6795687681954399,998.6064611128025,966.4205935285905,1018.3849406755535,0.6442991790448102,0.8517091671782752,-4.338041719600416,-13.815510557964274,-9.748350919776167,-10.10822383251,30.0,5.0,1000.0,none,0,8.243638687099512,-0.39742550242190877,-1.393538887197451,0.10375341697567819,0.10897373980537672,51.96434714696295,381770.71688224946,109.57639971025827,109.57639971025827,6.1138747800352204,3.3430146841270205,-0.5435329377048902,0.1609586495790719,-1.6117304754846373,7.197833821602918,9185.13968363287,20258.071467566486,45423.871380280994,-0.05424391903892456,-0.010995130453442359,1.4313648117073399,,0.013972753585179465,0.15452578647284465,0.0,-0.4838943382836136,0.2038966619109663,-0.16506407086397293,11.877594998021474,-394.5062072487858,-1256.3974769542046,-586.9843097913661,-0.6944773955356318,-9.529845642486732,0,0.03582598751365429,N/A,-2.27247572808875
2025-12-03 09:26:04.773,38.21912676077777,38.15175442846555,38.307313635050946,1.645730915683149,1.630108797885115,1.6564450048807124,1000.6112249278478,981.4044772517304,1025.6834418628557,0.6375532321726686,0.8510114814955492,-4.376215942008598,-13.815510557964274,-9.357419595913225,-10.13024462408153,30.0,5.0,1000.0,none,0,8.219126760777769,-0.5923182037104165,0.611224927847843,0.15555920658539435,0.13621717475672757,44.278964611125275,378488.9851205493,115.83799742368305,115.83799742368305,7.612451652574569,1.5204570675307638,-0.4656753624245661,0.09425018973048789,-3.754213261060977,4.026585249323749,9177.433782540094,20262.37529784605,45423.871380280994,-0.02451192632174326,-0.19489270128850777,2.004763815045294,,0.006745946872141584,0.038174222408182246,0.0,-0.410530704029045,0.17571138393188873,-0.14051994651582936,26.008858502020264,-22.454373399837777,-70.88741435267168,-585.2437800855374,1.0541086405399813,-7.428206952707577,0,0.029477213443361718,N/A,6.261597713424777
2025-12-03 09:26:05.873,38.194168865383475,38.09999567818852,38.28135749467242,1.612980905187682,1.6003146512166888,1.630108797885115,1005.0930839450172,984.6104621779048,1032.695812643465,0.6241135591734545,0.8477384411559917,-6.200811238192971,-13.815510557964274,-9.334349180661373,-10.30533744444618,30.0,5.0,1000.0,none,0,8.194168865383475,-0.9519387912315104,5.093083945017156,0.18136181648389993,0.14983889223240432,48.08535046556017,374155.805278446,148.40284101490536,148.40284101490536,8.277661618808388,0.043855113557426675,-0.46164945808938135,0.08652692680305053,-3.5022359224108413,4.299671286078721,115.82710596863214,5.307648716278123,122.60683939098908,-0.024957895394294383,-0.3596205875210938,4.481859017169313,,0.013439672999214114,1.8245952961843726,0.0,-0.35225655406200046,0.04433540908593324,-0.029870354756370118,25.005656272597992,-17.24260014793817,-38.4167998734334,-583.4781542378304,2.5264853174829227,-3.55021390638713,0,0.04332042635434882,N/A,32.56484359122231
2025-12-03 09:26:06.972,38.15177368409937,38.07413388680408,38.25541322678913,1.6005645574527,1.5948008539023228,1.608528759222523,1006.3475891559981,994.0425524995721,1023.1313304209823,0.6087113485902068,0.8474781096995619,-13.815510557964274,-7.787476661750775,-10.315774901303,-10.498073599216504,30.0,5.0,1000.0,none,0,8.151773684099368,-1.1267801785082907,6.347589155998094,0.1812793399850534,0.06810858737836334,29.088777921410156,368005.2488349088,162.4337038637415,162.4337038637415,8.252433242568122,0.04914982420192783,-0.5510168372737065,0.23901386457123092,-0.3406105743574244,3.384680897240447,121.65459059563655,15.749945866555487,148.40284101490536,-0.0423951812841068,-0.17484138727678034,1.2545052109809376,,0.015402210583247644,7.614699319771303,6.028033896213499,-0.30279568432343695,-0.08256815002526033,0.09835559985176938,14.357692842925845,-79.01694076101774,-44.539981311413825,-580.4715145624666,-3.4852825417517064,4.3632339722185876,0,0.08120004583458364,N/A,14.030862848836136
2025-12-03 09:26:07.974,38.12071091574254,38.048283788141134,38.20356021807527,1.6019628794121692,1.586472731755196,1.616675944991297,999.2731618352825,978.2975834401113,1010.3830301568123,0.608564118505218,0.8513174215282294,-13.815510557964274,-7.4573986518124356,-10.031018458261164,-9.462584658844158,30.0,5.0,1000.0,none,0,8.120710915742542,-1.105607494192073,-0.726838164717492,0.15527642993413338,0.14983889223240432,32.08544671670097,365270.07398859964,150.78082520847556,150.78082520847556,8.221318120699712,0.0546320439382823,-0.6909786095681186,0.3341706732078538,1.56669108855217,4.007942576317439,129.61996349018702,24.17145348141169,162.4337038637415,-0.031062768356825643,0.02117268431621766,-7.074427320715586,,0.0001472300849888475,0.0,0.33007800993833936,-0.26160361175136837,-0.08737946310971052,0.13714277299901065,19.590801460876143,-652.484959709279,-352.2012768510275,-578.2574246027465,-3.6793919704349225,4.464994901880163,0,0.12563446978064824,N/A,-11.652878655265937
2025-12-03 09:26:09.078,38.03420811189876,37.97080342584667,38.09999567818852,1.6097674560239676,1.6030601908878999,1.619376989682884,994.5011270607979,975.6927855025876,1026.1167762948228,0.6006535347336195,0.8525509358155733,-13.815510557964274,-13.815510557964274,-9.661377540052216,-9.931235385748911,30.0,5.0,1000.0,none,0,8.034208111898756,-0.9945400272758362,-5.498872939202101,0.12919225234185205,0.08173030485404009,50.423990792235145,356616.1836487361,157.6623721522118,157.6623721522118,8.185883782620532,0.04980052354832023,-0.8348140340128399,0.32496326394003583,1.9863041953896299,3.512414078716655,137.40635344421275,23.269442457597222,162.4337038637415,-0.08650280384378561,0.11106746691623681,-4.772034774484609,,0.007910583771598478,0.0,6.358111906151838,-0.22665868148558174,-0.1059717605636119,0.1794928463247091,6.943666151587045,-124.38733460130815,-124.38733460130815,-572.0991840214616,-4.697649373530897,-3.0908205822080426,0,0.16675198211650483,N/A,6.881546943736225
2025-12-03 09:26:10.172,38.017764378468776,37.919207907147495,38.048283788141134,1.6033094120228337,1.5975615527997957,1.608528759222523,993.4313929293697,972.5170721169495,1013.7947117739541,0.5846215543551462,0.8520448300894184,-13.815510557964274,-8.586853896010918,-9.45225694379334,-9.894853320002262,30.0,5.0,1000.0,none,0,8.017764378468776,-1.085606947131314,-6.568607070630264,0.1290758809936392,0.054486869902687474,41.277639657004556,352829.486195498,148.32112264981515,148.32112264981515,8.143997667580383,0.07214224752959966,-0.9542369389836255,0.21523185512402612,1.1652373849886999,4.758728679465274,147.02354793260344,18.297647588397876,162.4337038637415,-0.01644373342998051,-0.09106691985547766,-1.069734131428163,,0.01603198037847331,0.0,5.228656661953355,-0.19035671946818003,-0.19952100838952191,0.3023404353098531,35.55068598979649,-151.70556854586243,-94.29065591525561,-570.9430627126789,-3.8627553411503683,3.1198623991607697,0,0.1892165795575628,N/A,-9.341249502396636
2025-12-03 09:26:11.584,37.968472409036565,37.893427498287565,38.02244535991565,1.5988139008629578,1.586472731755196,1.608528759222523,1002.4981288380021,972.8898334435337,1027.6429508370352,0.5685269574796517,0.8486891633963632,-13.815510557964274,-7.075527881303781,-10.019932896479142,-9.999023096225804,30.0,5.0,1000.0,none,0,7.968472409036565,-1.1538924364481933,2.498128838002117,0.12901786162808548,0.10897373980538383,54.7531173935015,346245.47174378944,160.57991050905292,160.57991050905292,8.103725191118583,0.07582729776922384,-1.052894687667805,0.07567224897928268,-0.27072901470692157,5.911374995185726,153.52017297782987,6.271564473634468,162.4337038637415,-0.04929196943221115,-0.06828548931687939,9.066735908632381,,0.016094596875494527,0.0,1.5113260147071372,-0.16102000130253644,-0.1486071639792231,0.24066885427551368,11.533631753743368,-202.3168960093148,-103.61534107384281,-567.4454939225127,-3.2367195905251887,5.36754962878282,0,0.20481604500695655,N/A,12.25878785923777
2025-12-03 09:26:12.274,37.93471086896331,37.84190127135548,38.02244535991565,1.6063449192051875,1.5975615527997957,1.6139675848935855,1005.69916656847,968.8646397543505,1028.563916047552,0.5686770139978743,0.8492005780866633,-10.334639359264457,-13.815510557964274,-11.079539691443209,-9.996259034396108,30.0,5.0,1000.0,none,0,7.9347108689633075,-1.0418412490914273,5.699166568469991,0.18054408856016835,0.0817303048540321,59.69927629320159,343390.35398692585,166.86178183354718,166.86178183354718,8.058585899849202,0.07570435111803665,-1.0932854167111414,0.06073827938894809,-0.7897200361099295,5.415873504683894,155.9555868766594,6.150745627274522,162.4337038637415,-0.03376154007325738,0.112051187356766,3.201037730467874,,0.000150056518222641,3.480871198699816,6.7399826766604924,-0.13243717388107273,-0.12895958907355534,0.22160044441905358,16.843430996719107,-92.23059007638751,-123.29532233027004,-565.038731011771,-0.7831244630242331,-2.580744642040786,0,0.198535718849662,N/A,6.281871324494261
2025-12-03 09:26:13.681,37.87001696078472,37.81615540932813,37.944999875640804,1.6020626847716524,1.5948008539023228,1.6112518696565825,1002.3079451600483,986.7530667370929,1016.9398948535943,0.5507433646550708,0.8492836179783338,-13.815510557964274,-7.681991609372138,-9.353187899147782,-9.96875415693185,30.0,5.0,1000.0,none,0,7.870016960784717,-1.1041121758388275,2.307945160048348,0.1288444663126711,0.0817303048540392,30.186828116501374,335429.82338979666,147.19305604988077,147.19305604988077,8.01517333682199,0.07099718676359518,-1.0762976308277687,0.06090614357489021,-0.91940455361555,5.205936989819694,156.84120247062052,7.489729650056368,166.86178183354718,-0.06469390817859022,-0.0622709267474002,-3.391221408421643,,0.017933649342803504,3.480871198699816,6.133518948592136,-0.10702978843626151,-0.08391972381290856,0.11721985880894539,8.512932163606205,-221.85776608463556,-123.36203503921378,-560.4451098956999,-3.6931009261305245,4.224277077232363,0,0.15148581899447983,N/A,-19.668725783666417
2025-12-03 09:26:14.371,37.83676588915046,37.76469807856506,37.919207907147495,1.5959060482043892,1.5892564859891678,1.6003146512166888,998.2666518519378,973.8881302097205,1026.0966880413653,0.547182407504353,0.849493272387857,-12.46455903547713,-7.0534920352738215,-10.63899173859883,-10.20745016054671,30.0,5.0,1000.0,none,0,7.836765889150463,-1.2005056345371956,-1.7333481480621913,0.15450982858243378,0.05448686990268836,52.208557831644725,332185.2558802893,164.5209599636933,164.5209599636933,7.965034545830425,0.06619120644534689,-1.0759985671571197,0.06072966105825693,-0.31244788866238193,5.407028808929854,156.12364863890156,8.33918971203394,166.86178183354718,-0.033251071634254004,-0.09639345869836813,-4.041293308110539,,0.003560957150717803,1.3509515224871436,0.6284995740983161,-0.08123560008538837,-0.012946200708949892,-0.032380873551741865,16.455588497550426,-129.30783785487603,-73.17321068574277,-558.0784455539437,-1.4584221011771845,5.8922420643644156,0,0.1603371578680301,N/A,17.32790391381252
2025-12-03 09:26:15.779,37.781101615971274,37.713286459878475,37.944999875640804,1.5978121479139085,1.5892564859891678,1.608528759222523,1003.0108415547024,968.243294527219,1015.6267038215583,0.5376973587215702,0.8508855492303243,-13.815510557964274,-7.1286422437874215,-10.276949169283405,-9.992324563108358,30.0,5.0,1000.0,none,0,7.781101615971274,-1.1697217120963297,3.010841554702438,0.23171341576232862,0.09535202232970796,47.383409294339344,326208.9906451845,160.29212582393617,160.29212582393617,7.925546101280766,0.07313734173094588,-1.1171916886093916,0.06151121190907213,0.4406570695656001,4.723027617803759,157.49536620119787,9.17751957631625,166.86178183354718,-0.05566427317918965,0.03078392244086592,4.744189702764629,,0.009485048782782779,1.3509515224871436,0.07515020851359999,-0.05799648851523986,0.04776936102843018,-0.18101753111040775,9.659475791858457,-448.7752270450635,-231.56278069177122,-554.1200323651649,-3.091598093097705,5.485131336051198,0,0.1566180253762744,N/A,-4.228834139757112
2025-12-03 09:26:16.473,37.73643251115063,37.661920379051764,37.7904210190236,1.5939711558573184,1.5808818670052434,1.6057982132055082,994.2538221743528,976.7990497151451,1011.710347046286,0.5260243650001026,0.8500615385004039,-13.815510557964274,-6.466125325110034,-9.461912166108474,-10.414792647149373,30.0,5.0,1000.0,none,0,7.736432511150632,-1.2326921037193572,-5.746177825647237,0.1285006399718327,0.1225954572810597,34.91129733114087,321087.3004566738,158.05309539256962,158.05309539256962,7.8782135487812655,0.07509066033816424,-1.1340146416023946,0.06221186683095199,2.3565467946321403,2.662276132450997,159.88956683602208,7.614157841531145,166.86178183354718,-0.04466910482064179,-0.06297039162302753,-8.757019380349675,,0.011672993721467573,0.0,0.6625169186773876,-0.0333839802259553,0.04393085691320466,-0.18560057773447058,11.775758465581882,-219.39344521190768,-102.68353864273638,-550.947572122821,-2.514290721044665,6.826693752433449,0,0.16196283973632397,N/A,-2.239030431366558
2025-12-03 09:26:17.473,37.718442419390776,37.636254361067074,37.7904210190236,1.5828422272233975,1.5752595686633382,1.592032512442769,994.139112591831,981.5584558362721,1004.2200075760006,0.5163224971433896,0.8523504701781637,-13.815510557964274,-5.788202985669414,-10.427070274853927,-9.729381997454796,30.0,5.0,1000.0,none,0,7.718442419390776,-1.4396112423084968,-5.860887408168992,0.15416665795652307,0.0817303048540392,22.661551739728566,318330.51106304914,180.125487767369,180.125487767369,7.831805569204079,0.07704077981000836,-1.1497745750566275,0.0767813499293157,0.7076854619022697,4.483058084218046,159.3842038127254,7.640691928617228,166.86178183354718,-0.017990091759855886,-0.20691913858913957,-0.11470958252175478,,0.009701867856713009,0.0,0.6779223394406202,-0.011763374554449327,0.061314526034454885,-0.22437251622154158,28.698786267961623,-66.76735600586629,-27.973125405461204,-549.6748921448265,-0.6172730743783035,9.735942685633756,0,0.14991617336989663,N/A,22.072392374799392
